id,image_url,accommodation_id
1,https://images.unsplash.com/photo-1566073771259-6a8506099945?ixid=MnwxMjA3fDB8MHxzZWFyY2h8NXx8aG90ZWx8ZW58MHx8MHx8&ixlib=rb-1.2.1&auto=format&fit=crop&w=800&q=60,1
2,https://images.unsplash.com/photo-1462539405390-d0bdb635c7d1?ixid=MnwxMjA3fDB8MHxzZWFyY2h8MjV8fGhvdGVsfGVufDB8fDB8fA%3D%3D&ixlib=rb-1.2.1&auto=format&fit=crop&w=800&q=60,1
3,https://images.unsplash.com/photo-1542314831-068cd1dbfeeb?ixid=MnwxMjA3fDB8MHxzZWFyY2h8MTJ8fGhvdGVsfGVufDB8fDB8fA%3D%3D&ixlib=rb-1.2.1&auto=format&fit=crop&w=800&q=60,2
4,https://images.unsplash.com/photo-1551632436-cbf8dd35adfa?ixid=MnwxMjA3fDB8MHxzZWFyY2h8NDh8fGhvdGVsfGVufDB8fDB8fA%3D%3D&ixlib=rb-1.2.1&auto=format&fit=crop&w=800&q=60,2
5,https://images.unsplash.com/photo-1564501049412-61c2a3083791?ixid=MnwxMjA3fDB8MHxzZWFyY2h8OXx8aG90ZWx8ZW58MHx8MHx8&ixlib=rb-1.2.1&auto=format&fit=crop&w=800&q=60,3
6,https://images.unsplash.com/photo-1559339352-11d035aa65de?ixid=MnwxMjA3fDB8MHxzZWFyY2h8MTh8fGhvdGVsJTIwaW50ZXJpb3J8ZW58MHx8MHx8&ixlib=rb-1.2.1&auto=format&fit=crop&w=800&q=60,3
7,https://images.unsplash.com/photo-1540541338287-41700207dee6?ixid=MnwxMjA3fDB8MHxzZWFyY2h8NTF8fGhvdGVsfGVufDB8fDB8fA%3D%3D&ixlib=rb-1.2.1&auto=format&fit=crop&w=800&q=60,4
8,https://images.unsplash.com/photo-1522010848282-9923b63eebaa?ixid=MnwxMjA3fDB8MHxzZWFyY2h8Mjh8fGhvdGVsJTIwaW50ZXJpb3J8ZW58MHx8MHx8&ixlib=rb-1.2.1&auto=format&fit=crop&w=800&q=60,4
9,https://images.unsplash.com/photo-1587213811864-46e59f6873b1?ixid=MnwxMjA3fDB8MHxzZWFyY2h8NjN8fGhvdGVsfGVufDB8fDB8fA%3D%3D&ixlib=rb-1.2.1&auto=format&fit=crop&w=800&q=60,5
10,https://images.unsplash.com/photo-1621391309685-3045e5312e61?ixlib=rb-1.2.1&ixid=MnwxMjA3fDB8MHxzZWFyY2h8Mjd8fGhvdGVsJTIwaW50ZXJpb3J8ZW58MHx8MHx8&auto=format&fit=crop&w=800&q=60,5
11,https://images.unsplash.com/photo-1416331108676-a22ccb276e35?ixid=MnwxMjA3fDB8MHxzZWFyY2h8ODh8fGhvdGVsfGVufDB8fDB8fA%3D%3D&ixlib=rb-1.2.1&auto=format&fit=crop&w=800&q=60,6
12,https://images.unsplash.com/photo-1599392687131-d82ad47a871f?ixid=MnwxMjA3fDB8MHxzZWFyY2h8Mzl8fGhvdGVsJTIwaW50ZXJpb3J8ZW58MHx8MHx8&ixlib=rb-1.2.1&auto=format&fit=crop&w=800&q=60,6
13,https://images.unsplash.com/photo-1560174326-bcebb82ad143?ixid=MnwxMjA3fDB8MHxzZWFyY2h8OTR8fGhvdGVsfGVufDB8fDB8fA%3D%3D&ixlib=rb-1.2.1&auto=format&fit=crop&w=800&q=60,7
14,https://images.unsplash.com/photo-1534612899740-55c821a90129?ixid=MnwxMjA3fDB8MHxzZWFyY2h8Nnx8aG90ZWwlMjBzd2ltbWluZyUyMHBvb2x8ZW58MHx8MHx8&ixlib=rb-1.2.1&auto=format&fit=crop&w=800&q=60,7
15,https://images.unsplash.com/photo-1521090029433-afd0d68460f4?ixid=MnwxMjA3fDB8MHxzZWFyY2h8OTV8fGhvdGVsfGVufDB8fDB8fA%3D%3D&ixlib=rb-1.2.1&auto=format&fit=crop&w=800&q=60,8
16,https://images.unsplash.com/photo-1559004298-5da931d4b709?ixid=MnwxMjA3fDB8MHxzZWFyY2h8N3x8aG90ZWwlMjBzd2ltbWluZyUyMHBvb2x8ZW58MHx8MHx8&ixlib=rb-1.2.1&auto=format&fit=crop&w=800&q=60,8
17,https://images.unsplash.com/photo-1599003509008-d6d24043cd5b?ixid=MnwxMjA3fDB8MHxzZWFyY2h8MTAwfHxob3RlbHxlbnwwfHwwfHw%3D&ixlib=rb-1.2.1&auto=format&fit=crop&w=800&q=60,9
18,https://images.unsplash.com/photo-1520250497591-112f2f40a3f4?ixid=MnwxMjA3fDB8MHxzZWFyY2h8MTB8fGhvdGVsJTIwc3dpbW1pbmclMjBwb29sfGVufDB8fDB8fA%3D%3D&ixlib=rb-1.2.1&auto=format&fit=crop&w=800&q=60,9
19,https://images.unsplash.com/photo-1545175707-9eec1209f720?ixid=MnwxMjA3fDB8MHxzZWFyY2h8MTAzfHxob3RlbHxlbnwwfHwwfHw%3D&ixlib=rb-1.2.1&auto=format&fit=crop&w=800&q=60,10
20,https://images.unsplash.com/photo-1562778612-e1e0cda9915c?ixid=MnwxMjA3fDB8MHxzZWFyY2h8MTV8fGhvdGVsJTIwc3dpbW1pbmclMjBwb29sfGVufDB8fDB8fA%3D%3D&ixlib=rb-1.2.1&auto=format&fit=crop&w=800&q=60,10
21,https://images.unsplash.com/photo-1570206986634-afd7cccb68d3?ixid=MnwxMjA3fDB8MHxzZWFyY2h8MTI0fHxob3RlbHxlbnwwfHwwfHw%3D&ixlib=rb-1.2.1&auto=format&fit=crop&w=800&q=60,11
22,https://images.unsplash.com/photo-1562805791-dbca2a22bba2?ixid=MnwxMjA3fDB8MHxzZWFyY2h8MjJ8fGhvdGVsJTIwc3dpbW1pbmclMjBwb29sfGVufDB8fDB8fA%3D%3D&ixlib=rb-1.2.1&auto=format&fit=crop&w=800&q=60,11
23,https://images.unsplash.com/photo-1614957004131-9e8f2a13123c?ixid=MnwxMjA3fDB8MHxzZWFyY2h8MTQ4fHxob3RlbHxlbnwwfHwwfHw%3D&ixlib=rb-1.2.1&auto=format&fit=crop&w=800&q=60,12
24,https://images.unsplash.com/photo-1603991488459-73de26c7c4f8?ixid=MnwxMjA3fDB8MHxzZWFyY2h8MzF8fGhvdGVsJTIwc3dpbW1pbmclMjBwb29sfGVufDB8fDB8fA%3D%3D&ixlib=rb-1.2.1&auto=format&fit=crop&w=800&q=60,12
25,https://images.unsplash.com/photo-1468824357306-a439d58ccb1c?ixid=MnwxMjA3fDB8MHxzZWFyY2h8MTU0fHxob3RlbHxlbnwwfHwwfHw%3D&ixlib=rb-1.2.1&auto=format&fit=crop&w=800&q=60,13
26,https://images.unsplash.com/photo-1592169076574-0b50bc59023b?ixid=MnwxMjA3fDB8MHxzZWFyY2h8Mzl8fGhvdGVsJTIwc3dpbW1pbmclMjBwb29sfGVufDB8fDB8fA%3D%3D&ixlib=rb-1.2.1&auto=format&fit=crop&w=800&q=60,13
27,https://images.unsplash.com/photo-1590912550138-e79ac2c5b8e4?ixid=MnwxMjA3fDB8MHxzZWFyY2h8MTU5fHxob3RlbHxlbnwwfHwwfHw%3D&ixlib=rb-1.2.1&auto=format&fit=crop&w=800&q=60,14
28,https://images.unsplash.com/photo-1514803400321-3ca29fc47334?ixid=MnwxMjA3fDB8MHxzZWFyY2h8NTJ8fGhvdGVsJTIwc3dpbW1pbmclMjBwb29sfGVufDB8fDB8fA%3D%3D&ixlib=rb-1.2.1&auto=format&fit=crop&w=800&q=60,14
29,https://images.unsplash.com/photo-1560200353-ce0a76b1d438?ixid=MnwxMjA3fDB8MHxzZWFyY2h8MTc0fHxob3RlbHxlbnwwfHwwfHw%3D&ixlib=rb-1.2.1&auto=format&fit=crop&w=800&q=60,15
30,https://images.unsplash.com/photo-1604579247281-53ad1526b2d6?ixid=MnwxMjA3fDB8MHxzZWFyY2h8NjV8fGhvdGVsJTIwc3dpbW1pbmclMjBwb29sfGVufDB8fDB8fA%3D%3D&ixlib=rb-1.2.1&auto=format&fit=crop&w=800&q=60,15
31,https://images.unsplash.com/photo-1598605272254-16f0c0ecdfa5?ixid=MnwxMjA3fDB8MHxzZWFyY2h8MTg0fHxob3RlbHxlbnwwfHwwfHw%3D&ixlib=rb-1.2.1&auto=format&fit=crop&w=800&q=60,16
32,https://images.unsplash.com/photo-1440558953273-969c107f78a4?ixid=MnwxMjA3fDB8MHxzZWFyY2h8NjR8fGhvdGVsJTIwc3dpbW1pbmclMjBwb29sfGVufDB8fDB8fA%3D%3D&ixlib=rb-1.2.1&auto=format&fit=crop&w=800&q=60,16
33,https://images.unsplash.com/photo-1546519393-754ec8cafd47?ixid=MnwxMjA3fDB8MHxzZWFyY2h8MTkwfHxob3RlbHxlbnwwfHwwfHw%3D&ixlib=rb-1.2.1&auto=format&fit=crop&w=800&q=60,17
34,https://images.unsplash.com/photo-1550504969-937eb02c18b3?ixlib=rb-1.2.1&ixid=MnwxMjA3fDB8MHxzZWFyY2h8NzB8fGhvdGVsJTIwc3dpbW1pbmclMjBwb29sfGVufDB8fDB8fA%3D%3D&auto=format&fit=crop&w=800&q=60,17
35,https://images.unsplash.com/reserve/8T8J12VQxyqCiQFGa2ct_bahamas-atlantis.jpg?ixid=MnwxMjA3fDB8MHxzZWFyY2h8MjEzfHxob3RlbHxlbnwwfHwwfHw%3D&ixlib=rb-1.2.1&auto=format&fit=crop&w=800&q=60,18
36,https://images.unsplash.com/photo-1514662792719-eae794750d39?ixid=MnwxMjA3fDB8MHxzZWFyY2h8ODB8fGhvdGVsJTIwc3dpbW1pbmclMjBwb29sfGVufDB8fDB8fA%3D%3D&ixlib=rb-1.2.1&auto=format&fit=crop&w=800&q=60,18
37,https://images.unsplash.com/photo-1566908293111-2cd8ba7f428c?ixid=MnwxMjA3fDB8MHxzZWFyY2h8MjM0fHxob3RlbHxlbnwwfHwwfHw%3D&ixlib=rb-1.2.1&auto=format&fit=crop&w=800&q=60,19
38,https://images.unsplash.com/photo-1503003378590-66f89f543bc6?ixid=MnwxMjA3fDB8MHxzZWFyY2h8OTF8fGhvdGVsJTIwc3dpbW1pbmclMjBwb29sfGVufDB8fDB8fA%3D%3D&ixlib=rb-1.2.1&auto=format&fit=crop&w=800&q=60,19
39,https://images.unsplash.com/photo-1546412414-e1885259563a?ixid=MnwxMjA3fDB8MHxzZWFyY2h8MjQ0fHxob3RlbHxlbnwwfHwwfHw%3D&ixlib=rb-1.2.1&auto=format&fit=crop&w=800&q=60,20
40,https://images.unsplash.com/photo-1503003378590-66f89f543bc6?ixid=MnwxMjA3fDB8MHxzZWFyY2h8OTF8fGhvdGVsJTIwc3dpbW1pbmclMjBwb29sfGVufDB8fDB8fA%3D%3D&ixlib=rb-1.2.1&auto=format&fit=crop&w=800&q=60,20
41,https://images.unsplash.com/photo-1566073771259-6a8506099945?ixid=MnwxMjA3fDB8MHxzZWFyY2h8NXx8aG90ZWx8ZW58MHx8MHx8&ixlib=rb-1.2.1&auto=format&fit=crop&w=800&q=60,21
42,https://images.unsplash.com/photo-1462539405390-d0bdb635c7d1?ixid=MnwxMjA3fDB8MHxzZWFyY2h8MjV8fGhvdGVsfGVufDB8fDB8fA%3D%3D&ixlib=rb-1.2.1&auto=format&fit=crop&w=800&q=60,21
43,https://images.unsplash.com/photo-1542314831-068cd1dbfeeb?ixid=MnwxMjA3fDB8MHxzZWFyY2h8MTJ8fGhvdGVsfGVufDB8fDB8fA%3D%3D&ixlib=rb-1.2.1&auto=format&fit=crop&w=800&q=60,22
44,https://images.unsplash.com/photo-1551632436-cbf8dd35adfa?ixid=MnwxMjA3fDB8MHxzZWFyY2h8NDh8fGhvdGVsfGVufDB8fDB8fA%3D%3D&ixlib=rb-1.2.1&auto=format&fit=crop&w=800&q=60,22
45,https://images.unsplash.com/photo-1564501049412-61c2a3083791?ixid=MnwxMjA3fDB8MHxzZWFyY2h8OXx8aG90ZWx8ZW58MHx8MHx8&ixlib=rb-1.2.1&auto=format&fit=crop&w=800&q=60,23
46,https://images.unsplash.com/photo-1559339352-11d035aa65de?ixid=MnwxMjA3fDB8MHxzZWFyY2h8MTh8fGhvdGVsJTIwaW50ZXJpb3J8ZW58MHx8MHx8&ixlib=rb-1.2.1&auto=format&fit=crop&w=800&q=60,23
47,https://images.unsplash.com/photo-1540541338287-41700207dee6?ixid=MnwxMjA3fDB8MHxzZWFyY2h8NTF8fGhvdGVsfGVufDB8fDB8fA%3D%3D&ixlib=rb-1.2.1&auto=format&fit=crop&w=800&q=60,24
48,https://images.unsplash.com/photo-1522010848282-9923b63eebaa?ixid=MnwxMjA3fDB8MHxzZWFyY2h8Mjh8fGhvdGVsJTIwaW50ZXJpb3J8ZW58MHx8MHx8&ixlib=rb-1.2.1&auto=format&fit=crop&w=800&q=60,24
49,https://images.unsplash.com/photo-1587213811864-46e59f6873b1?ixid=MnwxMjA3fDB8MHxzZWFyY2h8NjN8fGhvdGVsfGVufDB8fDB8fA%3D%3D&ixlib=rb-1.2.1&auto=format&fit=crop&w=800&q=60,25
50,https://images.unsplash.com/photo-1621391309685-3045e5312e61?ixlib=rb-1.2.1&ixid=MnwxMjA3fDB8MHxzZWFyY2h8Mjd8fGhvdGVsJTIwaW50ZXJpb3J8ZW58MHx8MHx8&auto=format&fit=crop&w=800&q=60,25
51,https://images.unsplash.com/photo-1416331108676-a22ccb276e35?ixid=MnwxMjA3fDB8MHxzZWFyY2h8ODh8fGhvdGVsfGVufDB8fDB8fA%3D%3D&ixlib=rb-1.2.1&auto=format&fit=crop&w=800&q=60,26
52,https://images.unsplash.com/photo-1599392687131-d82ad47a871f?ixid=MnwxMjA3fDB8MHxzZWFyY2h8Mzl8fGhvdGVsJTIwaW50ZXJpb3J8ZW58MHx8MHx8&ixlib=rb-1.2.1&auto=format&fit=crop&w=800&q=60,26
53,https://images.unsplash.com/photo-1560174326-bcebb82ad143?ixid=MnwxMjA3fDB8MHxzZWFyY2h8OTR8fGhvdGVsfGVufDB8fDB8fA%3D%3D&ixlib=rb-1.2.1&auto=format&fit=crop&w=800&q=60,27
54,https://images.unsplash.com/photo-1534612899740-55c821a90129?ixid=MnwxMjA3fDB8MHxzZWFyY2h8Nnx8aG90ZWwlMjBzd2ltbWluZyUyMHBvb2x8ZW58MHx8MHx8&ixlib=rb-1.2.1&auto=format&fit=crop&w=800&q=60,27
55,https://images.unsplash.com/photo-1521090029433-afd0d68460f4?ixid=MnwxMjA3fDB8MHxzZWFyY2h8OTV8fGhvdGVsfGVufDB8fDB8fA%3D%3D&ixlib=rb-1.2.1&auto=format&fit=crop&w=800&q=60,28
56,https://images.unsplash.com/photo-1559004298-5da931d4b709?ixid=MnwxMjA3fDB8MHxzZWFyY2h8N3x8aG90ZWwlMjBzd2ltbWluZyUyMHBvb2x8ZW58MHx8MHx8&ixlib=rb-1.2.1&auto=format&fit=crop&w=800&q=60,28
57,https://images.unsplash.com/photo-1599003509008-d6d24043cd5b?ixid=MnwxMjA3fDB8MHxzZWFyY2h8MTAwfHxob3RlbHxlbnwwfHwwfHw%3D&ixlib=rb-1.2.1&auto=format&fit=crop&w=800&q=60,29
58,https://images.unsplash.com/photo-1520250497591-112f2f40a3f4?ixid=MnwxMjA3fDB8MHxzZWFyY2h8MTB8fGhvdGVsJTIwc3dpbW1pbmclMjBwb29sfGVufDB8fDB8fA%3D%3D&ixlib=rb-1.2.1&auto=format&fit=crop&w=800&q=60,29
59,https://images.unsplash.com/photo-1545175707-9eec1209f720?ixid=MnwxMjA3fDB8MHxzZWFyY2h8MTAzfHxob3RlbHxlbnwwfHwwfHw%3D&ixlib=rb-1.2.1&auto=format&fit=crop&w=800&q=60,30
60,https://images.unsplash.com/photo-1562778612-e1e0cda9915c?ixid=MnwxMjA3fDB8MHxzZWFyY2h8MTV8fGhvdGVsJTIwc3dpbW1pbmclMjBwb29sfGVufDB8fDB8fA%3D%3D&ixlib=rb-1.2.1&auto=format&fit=crop&w=800&q=60,30
61,https://images.unsplash.com/photo-1570206986634-afd7cccb68d3?ixid=MnwxMjA3fDB8MHxzZWFyY2h8MTI0fHxob3RlbHxlbnwwfHwwfHw%3D&ixlib=rb-1.2.1&auto=format&fit=crop&w=800&q=60,31
62,https://images.unsplash.com/photo-1562805791-dbca2a22bba2?ixid=MnwxMjA3fDB8MHxzZWFyY2h8MjJ8fGhvdGVsJTIwc3dpbW1pbmclMjBwb29sfGVufDB8fDB8fA%3D%3D&ixlib=rb-1.2.1&auto=format&fit=crop&w=800&q=60,31
63,https://images.unsplash.com/photo-1614957004131-9e8f2a13123c?ixid=MnwxMjA3fDB8MHxzZWFyY2h8MTQ4fHxob3RlbHxlbnwwfHwwfHw%3D&ixlib=rb-1.2.1&auto=format&fit=crop&w=800&q=60,32
64,https://images.unsplash.com/photo-1603991488459-73de26c7c4f8?ixid=MnwxMjA3fDB8MHxzZWFyY2h8MzF8fGhvdGVsJTIwc3dpbW1pbmclMjBwb29sfGVufDB8fDB8fA%3D%3D&ixlib=rb-1.2.1&auto=format&fit=crop&w=800&q=60,32
65,https://images.unsplash.com/photo-1468824357306-a439d58ccb1c?ixid=MnwxMjA3fDB8MHxzZWFyY2h8MTU0fHxob3RlbHxlbnwwfHwwfHw%3D&ixlib=rb-1.2.1&auto=format&fit=crop&w=800&q=60,33
66,https://images.unsplash.com/photo-1592169076574-0b50bc59023b?ixid=MnwxMjA3fDB8MHxzZWFyY2h8Mzl8fGhvdGVsJTIwc3dpbW1pbmclMjBwb29sfGVufDB8fDB8fA%3D%3D&ixlib=rb-1.2.1&auto=format&fit=crop&w=800&q=60,33
67,https://images.unsplash.com/photo-1590912550138-e79ac2c5b8e4?ixid=MnwxMjA3fDB8MHxzZWFyY2h8MTU5fHxob3RlbHxlbnwwfHwwfHw%3D&ixlib=rb-1.2.1&auto=format&fit=crop&w=800&q=60,34
68,https://images.unsplash.com/photo-1514803400321-3ca29fc47334?ixid=MnwxMjA3fDB8MHxzZWFyY2h8NTJ8fGhvdGVsJTIwc3dpbW1pbmclMjBwb29sfGVufDB8fDB8fA%3D%3D&ixlib=rb-1.2.1&auto=format&fit=crop&w=800&q=60,34
69,https://images.unsplash.com/photo-1560200353-ce0a76b1d438?ixid=MnwxMjA3fDB8MHxzZWFyY2h8MTc0fHxob3RlbHxlbnwwfHwwfHw%3D&ixlib=rb-1.2.1&auto=format&fit=crop&w=800&q=60,35
70,https://images.unsplash.com/photo-1604579247281-53ad1526b2d6?ixid=MnwxMjA3fDB8MHxzZWFyY2h8NjV8fGhvdGVsJTIwc3dpbW1pbmclMjBwb29sfGVufDB8fDB8fA%3D%3D&ixlib=rb-1.2.1&auto=format&fit=crop&w=800&q=60,35
71,https://images.unsplash.com/photo-1598605272254-16f0c0ecdfa5?ixid=MnwxMjA3fDB8MHxzZWFyY2h8MTg0fHxob3RlbHxlbnwwfHwwfHw%3D&ixlib=rb-1.2.1&auto=format&fit=crop&w=800&q=60,36
72,https://images.unsplash.com/photo-1440558953273-969c107f78a4?ixid=MnwxMjA3fDB8MHxzZWFyY2h8NjR8fGhvdGVsJTIwc3dpbW1pbmclMjBwb29sfGVufDB8fDB8fA%3D%3D&ixlib=rb-1.2.1&auto=format&fit=crop&w=800&q=60,36
73,https://images.unsplash.com/photo-1546519393-754ec8cafd47?ixid=MnwxMjA3fDB8MHxzZWFyY2h8MTkwfHxob3RlbHxlbnwwfHwwfHw%3D&ixlib=rb-1.2.1&auto=format&fit=crop&w=800&q=60,37
74,https://images.unsplash.com/photo-1550504969-937eb02c18b3?ixlib=rb-1.2.1&ixid=MnwxMjA3fDB8MHxzZWFyY2h8NzB8fGhvdGVsJTIwc3dpbW1pbmclMjBwb29sfGVufDB8fDB8fA%3D%3D&auto=format&fit=crop&w=800&q=60,37
75,https://images.unsplash.com/reserve/8T8J12VQxyqCiQFGa2ct_bahamas-atlantis.jpg?ixid=MnwxMjA3fDB8MHxzZWFyY2h8MjEzfHxob3RlbHxlbnwwfHwwfHw%3D&ixlib=rb-1.2.1&auto=format&fit=crop&w=800&q=60,38
76,https://images.unsplash.com/photo-1514662792719-eae794750d39?ixid=MnwxMjA3fDB8MHxzZWFyY2h8ODB8fGhvdGVsJTIwc3dpbW1pbmclMjBwb29sfGVufDB8fDB8fA%3D%3D&ixlib=rb-1.2.1&auto=format&fit=crop&w=800&q=60,38
77,https://images.unsplash.com/photo-1566908293111-2cd8ba7f428c?ixid=MnwxMjA3fDB8MHxzZWFyY2h8MjM0fHxob3RlbHxlbnwwfHwwfHw%3D&ixlib=rb-1.2.1&auto=format&fit=crop&w=800&q=60,39
78,https://images.unsplash.com/photo-1503003378590-66f89f543bc6?ixid=MnwxMjA3fDB8MHxzZWFyY2h8OTF8fGhvdGVsJTIwc3dpbW1pbmclMjBwb29sfGVufDB8fDB8fA%3D%3D&ixlib=rb-1.2.1&auto=format&fit=crop&w=800&q=60,39
79,https://images.unsplash.com/photo-1546412414-e1885259563a?ixid=MnwxMjA3fDB8MHxzZWFyY2h8MjQ0fHxob3RlbHxlbnwwfHwwfHw%3D&ixlib=rb-1.2.1&auto=format&fit=crop&w=800&q=60,40
80,https://images.unsplash.com/photo-1503003378590-66f89f543bc6?ixid=MnwxMjA3fDB8MHxzZWFyY2h8OTF8fGhvdGVsJTIwc3dpbW1pbmclMjBwb29sfGVufDB8fDB8fA%3D%3D&ixlib=rb-1.2.1&auto=format&fit=crop&w=800&q=60,40
81,https://images.unsplash.com/photo-1566073771259-6a8506099945?ixid=MnwxMjA3fDB8MHxzZWFyY2h8NXx8aG90ZWx8ZW58MHx8MHx8&ixlib=rb-1.2.1&auto=format&fit=crop&w=800&q=60,41
82,https://images.unsplash.com/photo-1462539405390-d0bdb635c7d1?ixid=MnwxMjA3fDB8MHxzZWFyY2h8MjV8fGhvdGVsfGVufDB8fDB8fA%3D%3D&ixlib=rb-1.2.1&auto=format&fit=crop&w=800&q=60,41
83,https://images.unsplash.com/photo-1542314831-068cd1dbfeeb?ixid=MnwxMjA3fDB8MHxzZWFyY2h8MTJ8fGhvdGVsfGVufDB8fDB8fA%3D%3D&ixlib=rb-1.2.1&auto=format&fit=crop&w=800&q=60,42
84,https://images.unsplash.com/photo-1551632436-cbf8dd35adfa?ixid=MnwxMjA3fDB8MHxzZWFyY2h8NDh8fGhvdGVsfGVufDB8fDB8fA%3D%3D&ixlib=rb-1.2.1&auto=format&fit=crop&w=800&q=60,42
85,https://images.unsplash.com/photo-1564501049412-61c2a3083791?ixid=MnwxMjA3fDB8MHxzZWFyY2h8OXx8aG90ZWx8ZW58MHx8MHx8&ixlib=rb-1.2.1&auto=format&fit=crop&w=800&q=60,43
86,https://images.unsplash.com/photo-1559339352-11d035aa65de?ixid=MnwxMjA3fDB8MHxzZWFyY2h8MTh8fGhvdGVsJTIwaW50ZXJpb3J8ZW58MHx8MHx8&ixlib=rb-1.2.1&auto=format&fit=crop&w=800&q=60,43
87,https://images.unsplash.com/photo-1540541338287-41700207dee6?ixid=MnwxMjA3fDB8MHxzZWFyY2h8NTF8fGhvdGVsfGVufDB8fDB8fA%3D%3D&ixlib=rb-1.2.1&auto=format&fit=crop&w=800&q=60,44
88,https://images.unsplash.com/photo-1522010848282-9923b63eebaa?ixid=MnwxMjA3fDB8MHxzZWFyY2h8Mjh8fGhvdGVsJTIwaW50ZXJpb3J8ZW58MHx8MHx8&ixlib=rb-1.2.1&auto=format&fit=crop&w=800&q=60,44
89,https://images.unsplash.com/photo-1587213811864-46e59f6873b1?ixid=MnwxMjA3fDB8MHxzZWFyY2h8NjN8fGhvdGVsfGVufDB8fDB8fA%3D%3D&ixlib=rb-1.2.1&auto=format&fit=crop&w=800&q=60,45
90,https://images.unsplash.com/photo-1621391309685-3045e5312e61?ixlib=rb-1.2.1&ixid=MnwxMjA3fDB8MHxzZWFyY2h8Mjd8fGhvdGVsJTIwaW50ZXJpb3J8ZW58MHx8MHx8&auto=format&fit=crop&w=800&q=60,45
91,https://images.unsplash.com/photo-1416331108676-a22ccb276e35?ixid=MnwxMjA3fDB8MHxzZWFyY2h8ODh8fGhvdGVsfGVufDB8fDB8fA%3D%3D&ixlib=rb-1.2.1&auto=format&fit=crop&w=800&q=60,46
92,https://images.unsplash.com/photo-1599392687131-d82ad47a871f?ixid=MnwxMjA3fDB8MHxzZWFyY2h8Mzl8fGhvdGVsJTIwaW50ZXJpb3J8ZW58MHx8MHx8&ixlib=rb-1.2.1&auto=format&fit=crop&w=800&q=60,46
93,https://images.unsplash.com/photo-1560174326-bcebb82ad143?ixid=MnwxMjA3fDB8MHxzZWFyY2h8OTR8fGhvdGVsfGVufDB8fDB8fA%3D%3D&ixlib=rb-1.2.1&auto=format&fit=crop&w=800&q=60,47
94,https://images.unsplash.com/photo-1534612899740-55c821a90129?ixid=MnwxMjA3fDB8MHxzZWFyY2h8Nnx8aG90ZWwlMjBzd2ltbWluZyUyMHBvb2x8ZW58MHx8MHx8&ixlib=rb-1.2.1&auto=format&fit=crop&w=800&q=60,47
95,https://images.unsplash.com/photo-1521090029433-afd0d68460f4?ixid=MnwxMjA3fDB8MHxzZWFyY2h8OTV8fGhvdGVsfGVufDB8fDB8fA%3D%3D&ixlib=rb-1.2.1&auto=format&fit=crop&w=800&q=60,48
96,https://images.unsplash.com/photo-1559004298-5da931d4b709?ixid=MnwxMjA3fDB8MHxzZWFyY2h8N3x8aG90ZWwlMjBzd2ltbWluZyUyMHBvb2x8ZW58MHx8MHx8&ixlib=rb-1.2.1&auto=format&fit=crop&w=800&q=60,48
97,https://images.unsplash.com/photo-1599003509008-d6d24043cd5b?ixid=MnwxMjA3fDB8MHxzZWFyY2h8MTAwfHxob3RlbHxlbnwwfHwwfHw%3D&ixlib=rb-1.2.1&auto=format&fit=crop&w=800&q=60,49
98,https://images.unsplash.com/photo-1520250497591-112f2f40a3f4?ixid=MnwxMjA3fDB8MHxzZWFyY2h8MTB8fGhvdGVsJTIwc3dpbW1pbmclMjBwb29sfGVufDB8fDB8fA%3D%3D&ixlib=rb-1.2.1&auto=format&fit=crop&w=800&q=60,49
99,https://images.unsplash.com/photo-1545175707-9eec1209f720?ixid=MnwxMjA3fDB8MHxzZWFyY2h8MTAzfHxob3RlbHxlbnwwfHwwfHw%3D&ixlib=rb-1.2.1&auto=format&fit=crop&w=800&q=60,50
100,https://images.unsplash.com/photo-1562778612-e1e0cda9915c?ixid=MnwxMjA3fDB8MHxzZWFyY2h8MTV8fGhvdGVsJTIwc3dpbW1pbmclMjBwb29sfGVufDB8fDB8fA%3D%3D&ixlib=rb-1.2.1&auto=format&fit=crop&w=800&q=60,50
101,https://images.unsplash.com/photo-1570206986634-afd7cccb68d3?ixid=MnwxMjA3fDB8MHxzZWFyY2h8MTI0fHxob3RlbHxlbnwwfHwwfHw%3D&ixlib=rb-1.2.1&auto=format&fit=crop&w=800&q=60,51
102,https://images.unsplash.com/photo-1562805791-dbca2a22bba2?ixid=MnwxMjA3fDB8MHxzZWFyY2h8MjJ8fGhvdGVsJTIwc3dpbW1pbmclMjBwb29sfGVufDB8fDB8fA%3D%3D&ixlib=rb-1.2.1&auto=format&fit=crop&w=800&q=60,51
103,https://images.unsplash.com/photo-1614957004131-9e8f2a13123c?ixid=MnwxMjA3fDB8MHxzZWFyY2h8MTQ4fHxob3RlbHxlbnwwfHwwfHw%3D&ixlib=rb-1.2.1&auto=format&fit=crop&w=800&q=60,52
104,https://images.unsplash.com/photo-1603991488459-73de26c7c4f8?ixid=MnwxMjA3fDB8MHxzZWFyY2h8MzF8fGhvdGVsJTIwc3dpbW1pbmclMjBwb29sfGVufDB8fDB8fA%3D%3D&ixlib=rb-1.2.1&auto=format&fit=crop&w=800&q=60,52
105,https://images.unsplash.com/photo-1468824357306-a439d58ccb1c?ixid=MnwxMjA3fDB8MHxzZWFyY2h8MTU0fHxob3RlbHxlbnwwfHwwfHw%3D&ixlib=rb-1.2.1&auto=format&fit=crop&w=800&q=60,53
106,https://images.unsplash.com/photo-1592169076574-0b50bc59023b?ixid=MnwxMjA3fDB8MHxzZWFyY2h8Mzl8fGhvdGVsJTIwc3dpbW1pbmclMjBwb29sfGVufDB8fDB8fA%3D%3D&ixlib=rb-1.2.1&auto=format&fit=crop&w=800&q=60,53
107,https://images.unsplash.com/photo-1590912550138-e79ac2c5b8e4?ixid=MnwxMjA3fDB8MHxzZWFyY2h8MTU5fHxob3RlbHxlbnwwfHwwfHw%3D&ixlib=rb-1.2.1&auto=format&fit=crop&w=800&q=60,54
108,https://images.unsplash.com/photo-1514803400321-3ca29fc47334?ixid=MnwxMjA3fDB8MHxzZWFyY2h8NTJ8fGhvdGVsJTIwc3dpbW1pbmclMjBwb29sfGVufDB8fDB8fA%3D%3D&ixlib=rb-1.2.1&auto=format&fit=crop&w=800&q=60,54
109,https://images.unsplash.com/photo-1560200353-ce0a76b1d438?ixid=MnwxMjA3fDB8MHxzZWFyY2h8MTc0fHxob3RlbHxlbnwwfHwwfHw%3D&ixlib=rb-1.2.1&auto=format&fit=crop&w=800&q=60,55
110,https://images.unsplash.com/photo-1604579247281-53ad1526b2d6?ixid=MnwxMjA3fDB8MHxzZWFyY2h8NjV8fGhvdGVsJTIwc3dpbW1pbmclMjBwb29sfGVufDB8fDB8fA%3D%3D&ixlib=rb-1.2.1&auto=format&fit=crop&w=800&q=60,55
111,https://images.unsplash.com/photo-1598605272254-16f0c0ecdfa5?ixid=MnwxMjA3fDB8MHxzZWFyY2h8MTg0fHxob3RlbHxlbnwwfHwwfHw%3D&ixlib=rb-1.2.1&auto=format&fit=crop&w=800&q=60,56
112,https://images.unsplash.com/photo-1440558953273-969c107f78a4?ixid=MnwxMjA3fDB8MHxzZWFyY2h8NjR8fGhvdGVsJTIwc3dpbW1pbmclMjBwb29sfGVufDB8fDB8fA%3D%3D&ixlib=rb-1.2.1&auto=format&fit=crop&w=800&q=60,56
113,https://images.unsplash.com/photo-1546519393-754ec8cafd47?ixid=MnwxMjA3fDB8MHxzZWFyY2h8MTkwfHxob3RlbHxlbnwwfHwwfHw%3D&ixlib=rb-1.2.1&auto=format&fit=crop&w=800&q=60,57
114,https://images.unsplash.com/photo-1550504969-937eb02c18b3?ixlib=rb-1.2.1&ixid=MnwxMjA3fDB8MHxzZWFyY2h8NzB8fGhvdGVsJTIwc3dpbW1pbmclMjBwb29sfGVufDB8fDB8fA%3D%3D&auto=format&fit=crop&w=800&q=60,57
115,https://images.unsplash.com/reserve/8T8J12VQxyqCiQFGa2ct_bahamas-atlantis.jpg?ixid=MnwxMjA3fDB8MHxzZWFyY2h8MjEzfHxob3RlbHxlbnwwfHwwfHw%3D&ixlib=rb-1.2.1&auto=format&fit=crop&w=800&q=60,58
116,https://images.unsplash.com/photo-1514662792719-eae794750d39?ixid=MnwxMjA3fDB8MHxzZWFyY2h8ODB8fGhvdGVsJTIwc3dpbW1pbmclMjBwb29sfGVufDB8fDB8fA%3D%3D&ixlib=rb-1.2.1&auto=format&fit=crop&w=800&q=60,58
117,https://images.unsplash.com/photo-1566908293111-2cd8ba7f428c?ixid=MnwxMjA3fDB8MHxzZWFyY2h8MjM0fHxob3RlbHxlbnwwfHwwfHw%3D&ixlib=rb-1.2.1&auto=format&fit=crop&w=800&q=60,59
118,https://images.unsplash.com/photo-1503003378590-66f89f543bc6?ixid=MnwxMjA3fDB8MHxzZWFyY2h8OTF8fGhvdGVsJTIwc3dpbW1pbmclMjBwb29sfGVufDB8fDB8fA%3D%3D&ixlib=rb-1.2.1&auto=format&fit=crop&w=800&q=60,59
119,https://images.unsplash.com/photo-1546412414-e1885259563a?ixid=MnwxMjA3fDB8MHxzZWFyY2h8MjQ0fHxob3RlbHxlbnwwfHwwfHw%3D&ixlib=rb-1.2.1&auto=format&fit=crop&w=800&q=60,60
120,https://images.unsplash.com/photo-1503003378590-66f89f543bc6?ixid=MnwxMjA3fDB8MHxzZWFyY2h8OTF8fGhvdGVsJTIwc3dpbW1pbmclMjBwb29sfGVufDB8fDB8fA%3D%3D&ixlib=rb-1.2.1&auto=format&fit=crop&w=800&q=60,60
121,https://images.unsplash.com/photo-1566073771259-6a8506099945?ixid=MnwxMjA3fDB8MHxzZWFyY2h8NXx8aG90ZWx8ZW58MHx8MHx8&ixlib=rb-1.2.1&auto=format&fit=crop&w=800&q=60,61
122,https://images.unsplash.com/photo-1462539405390-d0bdb635c7d1?ixid=MnwxMjA3fDB8MHxzZWFyY2h8MjV8fGhvdGVsfGVufDB8fDB8fA%3D%3D&ixlib=rb-1.2.1&auto=format&fit=crop&w=800&q=60,61
123,https://images.unsplash.com/photo-1542314831-068cd1dbfeeb?ixid=MnwxMjA3fDB8MHxzZWFyY2h8MTJ8fGhvdGVsfGVufDB8fDB8fA%3D%3D&ixlib=rb-1.2.1&auto=format&fit=crop&w=800&q=60,62
124,https://images.unsplash.com/photo-1551632436-cbf8dd35adfa?ixid=MnwxMjA3fDB8MHxzZWFyY2h8NDh8fGhvdGVsfGVufDB8fDB8fA%3D%3D&ixlib=rb-1.2.1&auto=format&fit=crop&w=800&q=60,62
125,https://images.unsplash.com/photo-1564501049412-61c2a3083791?ixid=MnwxMjA3fDB8MHxzZWFyY2h8OXx8aG90ZWx8ZW58MHx8MHx8&ixlib=rb-1.2.1&auto=format&fit=crop&w=800&q=60,63
126,https://images.unsplash.com/photo-1559339352-11d035aa65de?ixid=MnwxMjA3fDB8MHxzZWFyY2h8MTh8fGhvdGVsJTIwaW50ZXJpb3J8ZW58MHx8MHx8&ixlib=rb-1.2.1&auto=format&fit=crop&w=800&q=60,63
127,https://images.unsplash.com/photo-1540541338287-41700207dee6?ixid=MnwxMjA3fDB8MHxzZWFyY2h8NTF8fGhvdGVsfGVufDB8fDB8fA%3D%3D&ixlib=rb-1.2.1&auto=format&fit=crop&w=800&q=60,64
128,https://images.unsplash.com/photo-1522010848282-9923b63eebaa?ixid=MnwxMjA3fDB8MHxzZWFyY2h8Mjh8fGhvdGVsJTIwaW50ZXJpb3J8ZW58MHx8MHx8&ixlib=rb-1.2.1&auto=format&fit=crop&w=800&q=60,64
129,https://images.unsplash.com/photo-1587213811864-46e59f6873b1?ixid=MnwxMjA3fDB8MHxzZWFyY2h8NjN8fGhvdGVsfGVufDB8fDB8fA%3D%3D&ixlib=rb-1.2.1&auto=format&fit=crop&w=800&q=60,65
130,https://images.unsplash.com/photo-1621391309685-3045e5312e61?ixlib=rb-1.2.1&ixid=MnwxMjA3fDB8MHxzZWFyY2h8Mjd8fGhvdGVsJTIwaW50ZXJpb3J8ZW58MHx8MHx8&auto=format&fit=crop&w=800&q=60,65
131,https://images.unsplash.com/photo-1416331108676-a22ccb276e35?ixid=MnwxMjA3fDB8MHxzZWFyY2h8ODh8fGhvdGVsfGVufDB8fDB8fA%3D%3D&ixlib=rb-1.2.1&auto=format&fit=crop&w=800&q=60,66
132,https://images.unsplash.com/photo-1599392687131-d82ad47a871f?ixid=MnwxMjA3fDB8MHxzZWFyY2h8Mzl8fGhvdGVsJTIwaW50ZXJpb3J8ZW58MHx8MHx8&ixlib=rb-1.2.1&auto=format&fit=crop&w=800&q=60,66
133,https://images.unsplash.com/photo-1560174326-bcebb82ad143?ixid=MnwxMjA3fDB8MHxzZWFyY2h8OTR8fGhvdGVsfGVufDB8fDB8fA%3D%3D&ixlib=rb-1.2.1&auto=format&fit=crop&w=800&q=60,67
134,https://images.unsplash.com/photo-1534612899740-55c821a90129?ixid=MnwxMjA3fDB8MHxzZWFyY2h8Nnx8aG90ZWwlMjBzd2ltbWluZyUyMHBvb2x8ZW58MHx8MHx8&ixlib=rb-1.2.1&auto=format&fit=crop&w=800&q=60,67
135,https://images.unsplash.com/photo-1521090029433-afd0d68460f4?ixid=MnwxMjA3fDB8MHxzZWFyY2h8OTV8fGhvdGVsfGVufDB8fDB8fA%3D%3D&ixlib=rb-1.2.1&auto=format&fit=crop&w=800&q=60,68
136,https://images.unsplash.com/photo-1559004298-5da931d4b709?ixid=MnwxMjA3fDB8MHxzZWFyY2h8N3x8aG90ZWwlMjBzd2ltbWluZyUyMHBvb2x8ZW58MHx8MHx8&ixlib=rb-1.2.1&auto=format&fit=crop&w=800&q=60,68
137,https://images.unsplash.com/photo-1599003509008-d6d24043cd5b?ixid=MnwxMjA3fDB8MHxzZWFyY2h8MTAwfHxob3RlbHxlbnwwfHwwfHw%3D&ixlib=rb-1.2.1&auto=format&fit=crop&w=800&q=60,69
138,https://images.unsplash.com/photo-1520250497591-112f2f40a3f4?ixid=MnwxMjA3fDB8MHxzZWFyY2h8MTB8fGhvdGVsJTIwc3dpbW1pbmclMjBwb29sfGVufDB8fDB8fA%3D%3D&ixlib=rb-1.2.1&auto=format&fit=crop&w=800&q=60,69
139,https://images.unsplash.com/photo-1545175707-9eec1209f720?ixid=MnwxMjA3fDB8MHxzZWFyY2h8MTAzfHxob3RlbHxlbnwwfHwwfHw%3D&ixlib=rb-1.2.1&auto=format&fit=crop&w=800&q=60,70
140,https://images.unsplash.com/photo-1562778612-e1e0cda9915c?ixid=MnwxMjA3fDB8MHxzZWFyY2h8MTV8fGhvdGVsJTIwc3dpbW1pbmclMjBwb29sfGVufDB8fDB8fA%3D%3D&ixlib=rb-1.2.1&auto=format&fit=crop&w=800&q=60,70
141,https://images.unsplash.com/photo-1570206986634-afd7cccb68d3?ixid=MnwxMjA3fDB8MHxzZWFyY2h8MTI0fHxob3RlbHxlbnwwfHwwfHw%3D&ixlib=rb-1.2.1&auto=format&fit=crop&w=800&q=60,71
142,https://images.unsplash.com/photo-1562805791-dbca2a22bba2?ixid=MnwxMjA3fDB8MHxzZWFyY2h8MjJ8fGhvdGVsJTIwc3dpbW1pbmclMjBwb29sfGVufDB8fDB8fA%3D%3D&ixlib=rb-1.2.1&auto=format&fit=crop&w=800&q=60,71
143,https://images.unsplash.com/photo-1614957004131-9e8f2a13123c?ixid=MnwxMjA3fDB8MHxzZWFyY2h8MTQ4fHxob3RlbHxlbnwwfHwwfHw%3D&ixlib=rb-1.2.1&auto=format&fit=crop&w=800&q=60,72
144,https://images.unsplash.com/photo-1603991488459-73de26c7c4f8?ixid=MnwxMjA3fDB8MHxzZWFyY2h8MzF8fGhvdGVsJTIwc3dpbW1pbmclMjBwb29sfGVufDB8fDB8fA%3D%3D&ixlib=rb-1.2.1&auto=format&fit=crop&w=800&q=60,72
145,https://images.unsplash.com/photo-1468824357306-a439d58ccb1c?ixid=MnwxMjA3fDB8MHxzZWFyY2h8MTU0fHxob3RlbHxlbnwwfHwwfHw%3D&ixlib=rb-1.2.1&auto=format&fit=crop&w=800&q=60,73
146,https://images.unsplash.com/photo-1592169076574-0b50bc59023b?ixid=MnwxMjA3fDB8MHxzZWFyY2h8Mzl8fGhvdGVsJTIwc3dpbW1pbmclMjBwb29sfGVufDB8fDB8fA%3D%3D&ixlib=rb-1.2.1&auto=format&fit=crop&w=800&q=60,73
147,https://images.unsplash.com/photo-1590912550138-e79ac2c5b8e4?ixid=MnwxMjA3fDB8MHxzZWFyY2h8MTU5fHxob3RlbHxlbnwwfHwwfHw%3D&ixlib=rb-1.2.1&auto=format&fit=crop&w=800&q=60,74
148,https://images.unsplash.com/photo-1514803400321-3ca29fc47334?ixid=MnwxMjA3fDB8MHxzZWFyY2h8NTJ8fGhvdGVsJTIwc3dpbW1pbmclMjBwb29sfGVufDB8fDB8fA%3D%3D&ixlib=rb-1.2.1&auto=format&fit=crop&w=800&q=60,74
149,https://images.unsplash.com/photo-1560200353-ce0a76b1d438?ixid=MnwxMjA3fDB8MHxzZWFyY2h8MTc0fHxob3RlbHxlbnwwfHwwfHw%3D&ixlib=rb-1.2.1&auto=format&fit=crop&w=800&q=60,75
150,https://images.unsplash.com/photo-1604579247281-53ad1526b2d6?ixid=MnwxMjA3fDB8MHxzZWFyY2h8NjV8fGhvdGVsJTIwc3dpbW1pbmclMjBwb29sfGVufDB8fDB8fA%3D%3D&ixlib=rb-1.2.1&auto=format&fit=crop&w=800&q=60,75
151,https://images.unsplash.com/photo-1598605272254-16f0c0ecdfa5?ixid=MnwxMjA3fDB8MHxzZWFyY2h8MTg0fHxob3RlbHxlbnwwfHwwfHw%3D&ixlib=rb-1.2.1&auto=format&fit=crop&w=800&q=60,76
152,https://images.unsplash.com/photo-1440558953273-969c107f78a4?ixid=MnwxMjA3fDB8MHxzZWFyY2h8NjR8fGhvdGVsJTIwc3dpbW1pbmclMjBwb29sfGVufDB8fDB8fA%3D%3D&ixlib=rb-1.2.1&auto=format&fit=crop&w=800&q=60,76
153,https://images.unsplash.com/photo-1546519393-754ec8cafd47?ixid=MnwxMjA3fDB8MHxzZWFyY2h8MTkwfHxob3RlbHxlbnwwfHwwfHw%3D&ixlib=rb-1.2.1&auto=format&fit=crop&w=800&q=60,77
154,https://images.unsplash.com/photo-1550504969-937eb02c18b3?ixlib=rb-1.2.1&ixid=MnwxMjA3fDB8MHxzZWFyY2h8NzB8fGhvdGVsJTIwc3dpbW1pbmclMjBwb29sfGVufDB8fDB8fA%3D%3D&auto=format&fit=crop&w=800&q=60,77
155,https://images.unsplash.com/reserve/8T8J12VQxyqCiQFGa2ct_bahamas-atlantis.jpg?ixid=MnwxMjA3fDB8MHxzZWFyY2h8MjEzfHxob3RlbHxlbnwwfHwwfHw%3D&ixlib=rb-1.2.1&auto=format&fit=crop&w=800&q=60,78
156,https://images.unsplash.com/photo-1514662792719-eae794750d39?ixid=MnwxMjA3fDB8MHxzZWFyY2h8ODB8fGhvdGVsJTIwc3dpbW1pbmclMjBwb29sfGVufDB8fDB8fA%3D%3D&ixlib=rb-1.2.1&auto=format&fit=crop&w=800&q=60,78
157,https://images.unsplash.com/photo-1566908293111-2cd8ba7f428c?ixid=MnwxMjA3fDB8MHxzZWFyY2h8MjM0fHxob3RlbHxlbnwwfHwwfHw%3D&ixlib=rb-1.2.1&auto=format&fit=crop&w=800&q=60,79
158,https://images.unsplash.com/photo-1503003378590-66f89f543bc6?ixid=MnwxMjA3fDB8MHxzZWFyY2h8OTF8fGhvdGVsJTIwc3dpbW1pbmclMjBwb29sfGVufDB8fDB8fA%3D%3D&ixlib=rb-1.2.1&auto=format&fit=crop&w=800&q=60,79
159,https://images.unsplash.com/photo-1546412414-e1885259563a?ixid=MnwxMjA3fDB8MHxzZWFyY2h8MjQ0fHxob3RlbHxlbnwwfHwwfHw%3D&ixlib=rb-1.2.1&auto=format&fit=crop&w=800&q=60,80
160,https://images.unsplash.com/photo-1503003378590-66f89f543bc6?ixid=MnwxMjA3fDB8MHxzZWFyY2h8OTF8fGhvdGVsJTIwc3dpbW1pbmclMjBwb29sfGVufDB8fDB8fA%3D%3D&ixlib=rb-1.2.1&auto=format&fit=crop&w=800&q=60,80
161,https://media.istockphoto.com/photos/hotel-resort-swimming-pool-picture-id636484522?b=1&k=20&m=636484522&s=170667a&w=0&h=WrCXVlQ3Ew-O5CCqsJ2Fca7BnAK9xQ5QgLqSyNsx_h0=,81
162,https://images.unsplash.com/photo-1571003123894-1f0594d2b5d9?ixid=MnwxMjA3fDB8MHxzZWFyY2h8Mnx8bHV4dXJ5JTIwaG90ZWx8ZW58MHx8MHx8&ixlib=rb-1.2.1&auto=format&fit=crop&w=800&q=60,81
163,https://media.istockphoto.com/photos/oslo-modern-business-skyline-at-sunset-twilight-norway-picture-id1280993332?b=1&k=20&m=1280993332&s=170667a&w=0&h=2m5gXFpq8WFnH2zMyn_YjMbssyh9VgjoyxJVHG9I0Ck=,82
164,https://images.unsplash.com/photo-1551918120-9739cb430c6d?ixid=MnwxMjA3fDB8MHxzZWFyY2h8NXx8bHV4dXJ5JTIwaG90ZWx8ZW58MHx8MHx8&ixlib=rb-1.2.1&auto=format&fit=crop&w=800&q=60,82
165,https://images.unsplash.com/photo-1587476351463-fc163184c207?ixid=MnwxMjA3fDB8MHxzZWFyY2h8MTB8fGhvdGVsJTIwb3V0c2lkZXxlbnwwfHwwfHw%3D&ixlib=rb-1.2.1&auto=format&fit=crop&w=800&q=60,83
166,https://images.unsplash.com/photo-1585418694458-dc80a5c20294?ixid=MnwxMjA3fDB8MHxzZWFyY2h8Nnx8bHV4dXJ5JTIwaG90ZWx8ZW58MHx8MHx8&ixlib=rb-1.2.1&auto=format&fit=crop&w=800&q=60,83
167,https://images.unsplash.com/photo-1608920765383-6e9cad8e7c24?ixid=MnwxMjA3fDB8MHxzZWFyY2h8MTZ8fGhvdGVsJTIwb3V0c2lkZXxlbnwwfHwwfHw%3D&ixlib=rb-1.2.1&auto=format&fit=crop&w=800&q=60,84
168,https://images.unsplash.com/photo-1615722440048-da4ccf6de048?ixid=MnwxMjA3fDB8MHxzZWFyY2h8MTN8fGx1eHVyeSUyMGhvdGVsfGVufDB8fDB8fA%3D%3D&ixlib=rb-1.2.1&auto=format&fit=crop&w=800&q=60,84
169,https://images.unsplash.com/photo-1561501900-3701fa6a0864?ixid=MnwxMjA3fDB8MHxzZWFyY2h8MXx8bHV4dXJ5JTIwaG90ZWx8ZW58MHx8MHx8&ixlib=rb-1.2.1&auto=format&fit=crop&w=800&q=60,85
170,https://images.unsplash.com/photo-1600435335786-d74d2bb6de37?ixid=MnwxMjA3fDB8MHxzZWFyY2h8MTV8fGx1eHVyeSUyMGhvdGVsfGVufDB8fDB8fA%3D%3D&ixlib=rb-1.2.1&auto=format&fit=crop&w=800&q=60,85
171,https://images.unsplash.com/photo-1551882547-ff40c63fe5fa?ixid=MnwxMjA3fDB8MHxzZWFyY2h8OHx8bHV4dXJ5JTIwaG90ZWx8ZW58MHx8MHx8&ixlib=rb-1.2.1&auto=format&fit=crop&w=800&q=60,86
172,https://images.unsplash.com/photo-1582719508461-905c673771fd?ixid=MnwxMjA3fDB8MHxzZWFyY2h8MTZ8fGx1eHVyeSUyMGhvdGVsfGVufDB8fDB8fA%3D%3D&ixlib=rb-1.2.1&auto=format&fit=crop&w=800&q=60,86
173,https://images.unsplash.com/photo-1593714604578-d9e41b00c6c6?ixid=MnwxMjA3fDB8MHxzZWFyY2h8MTh8fGx1eHVyeSUyMGhvdGVsfGVufDB8fDB8fA%3D%3D&ixlib=rb-1.2.1&auto=format&fit=crop&w=800&q=60,87
174,https://images.unsplash.com/photo-1445019980597-93fa8acb246c?ixid=MnwxMjA3fDB8MHxzZWFyY2h8MjJ8fGx1eHVyeSUyMGhvdGVsfGVufDB8fDB8fA%3D%3D&ixlib=rb-1.2.1&auto=format&fit=crop&w=800&q=60,87
175,https://images.unsplash.com/photo-1533740877702-3aeaf8c84376?ixid=MnwxMjA3fDB8MHxzZWFyY2h8OXx8ZXVyb3BlJTIwaG90ZWx8ZW58MHx8MHx8&ixlib=rb-1.2.1&auto=format&fit=crop&w=800&q=60,88
176,https://images.unsplash.com/photo-1620007328240-5de0ed816d12?ixid=MnwxMjA3fDB8MHxzZWFyY2h8Mjh8fGx1eHVyeSUyMGhvdGVsfGVufDB8fDB8fA%3D%3D&ixlib=rb-1.2.1&auto=format&fit=crop&w=800&q=60,88
177,https://images.unsplash.com/photo-1590419025614-9607542c4ea6?ixid=MnwxMjA3fDB8MHxzZWFyY2h8MTF8fGV1cm9wZSUyMGhvdGVsfGVufDB8fDB8fA%3D%3D&ixlib=rb-1.2.1&auto=format&fit=crop&w=800&q=60,89
178,https://images.unsplash.com/photo-1582533401888-825fb21aedf1?ixid=MnwxMjA3fDB8MHxzZWFyY2h8MzJ8fGx1eHVyeSUyMGhvdGVsfGVufDB8fDB8fA%3D%3D&ixlib=rb-1.2.1&auto=format&fit=crop&w=800&q=60,89
179,https://images.unsplash.com/photo-1551485327-216cdc03b582?ixid=MnwxMjA3fDB8MHxzZWFyY2h8MTV8fGV1cm9wZSUyMGhvdGVsfGVufDB8fDB8fA%3D%3D&ixlib=rb-1.2.1&auto=format&fit=crop&w=800&q=60,90
180,https://images.unsplash.com/photo-1526786220381-1d21eedf92bf?ixid=MnwxMjA3fDB8MHxzZWFyY2h8MzV8fGx1eHVyeSUyMGhvdGVsfGVufDB8fDB8fA%3D%3D&ixlib=rb-1.2.1&auto=format&fit=crop&w=800&q=60,90
181,https://images.unsplash.com/photo-1583312971284-cd5a11acbf15?ixid=MnwxMjA3fDB8MHxzZWFyY2h8MTl8fGV1cm9wZSUyMGhvdGVsfGVufDB8fDB8fA%3D%3D&ixlib=rb-1.2.1&auto=format&fit=crop&w=800&q=60,91
182,https://images.unsplash.com/photo-1498503403619-e39e4ff390fe?ixid=MnwxMjA3fDB8MHxzZWFyY2h8MzZ8fGx1eHVyeSUyMGhvdGVsfGVufDB8fDB8fA%3D%3D&ixlib=rb-1.2.1&auto=format&fit=crop&w=800&q=60,91
183,https://images.unsplash.com/photo-1632998581030-ada9d1ef408f?ixid=MnwxMjA3fDB8MHxzZWFyY2h8MjV8fGV1cm9wZSUyMGhvdGVsfGVufDB8fDB8fA%3D%3D&ixlib=rb-1.2.1&auto=format&fit=crop&w=800&q=60,92
184,https://images.unsplash.com/photo-1596178065887-1198b6148b2b?ixid=MnwxMjA3fDB8MHxzZWFyY2h8Mzh8fGx1eHVyeSUyMGhvdGVsfGVufDB8fDB8fA%3D%3D&ixlib=rb-1.2.1&auto=format&fit=crop&w=800&q=60,92
185,https://images.unsplash.com/photo-1590531353474-cc0a0d21c15b?ixid=MnwxMjA3fDB8MHxzZWFyY2h8MzR8fGV1cm9wZSUyMGhvdGVsfGVufDB8fDB8fA%3D%3D&ixlib=rb-1.2.1&auto=format&fit=crop&w=800&q=60,93
186,https://images.unsplash.com/photo-1621293947870-3d7d6001d2a0?ixid=MnwxMjA3fDB8MHxzZWFyY2h8Mzl8fGx1eHVyeSUyMGhvdGVsfGVufDB8fDB8fA%3D%3D&ixlib=rb-1.2.1&auto=format&fit=crop&w=800&q=60,93
187,https://images.unsplash.com/photo-1545334610-35dd6680f5bb?ixid=MnwxMjA3fDB8MHxzZWFyY2h8NDJ8fGV1cm9wZSUyMGhvdGVsfGVufDB8fDB8fA%3D%3D&ixlib=rb-1.2.1&auto=format&fit=crop&w=800&q=60,94
188,https://images.unsplash.com/photo-1559450799-2bddac6e94d7?ixid=MnwxMjA3fDB8MHxzZWFyY2h8NDh8fGx1eHVyeSUyMGhvdGVsfGVufDB8fDB8fA%3D%3D&ixlib=rb-1.2.1&auto=format&fit=crop&w=800&q=60,94
189,https://images.unsplash.com/photo-1551524164-687a55dd1126?ixid=MnwxMjA3fDB8MHxzZWFyY2h8NDd8fGV1cm9wZSUyMGhvdGVsfGVufDB8fDB8fA%3D%3D&ixlib=rb-1.2.1&auto=format&fit=crop&w=800&q=60,95
190,https://images.unsplash.com/photo-1555352660-d09491a69d54?ixid=MnwxMjA3fDB8MHxzZWFyY2h8NTB8fGx1eHVyeSUyMGhvdGVsfGVufDB8fDB8fA%3D%3D&ixlib=rb-1.2.1&auto=format&fit=crop&w=800&q=60,95
191,https://images.unsplash.com/photo-1570698473651-b2de99bae12f?ixid=MnwxMjA3fDB8MHxzZWFyY2h8NDV8fGV1cm9wZSUyMGhvdGVsfGVufDB8fDB8fA%3D%3D&ixlib=rb-1.2.1&auto=format&fit=crop&w=800&q=60,96
192,https://images.unsplash.com/photo-1563573143765-fb9f46ff7e45?ixlib=rb-1.2.1&ixid=MnwxMjA3fDB8MHxzZWFyY2h8NTR8fGx1eHVyeSUyMGhvdGVsfGVufDB8fDB8fA%3D%3D&auto=format&fit=crop&w=800&q=60,96
193,https://images.unsplash.com/photo-1633255439796-127d62c9283b?ixid=MnwxMjA3fDB8MHxzZWFyY2h8NTZ8fGV1cm9wZSUyMGhvdGVsfGVufDB8fDB8fA%3D%3D&ixlib=rb-1.2.1&auto=format&fit=crop&w=800&q=60,97
194,https://images.unsplash.com/photo-1592229505801-77b31918d822?ixlib=rb-1.2.1&ixid=MnwxMjA3fDB8MHxzZWFyY2h8NTZ8fGx1eHVyeSUyMGhvdGVsfGVufDB8fDB8fA%3D%3D&auto=format&fit=crop&w=800&q=60,97
195,https://images.unsplash.com/photo-1543444949-0b251f30a4e0?ixid=MnwxMjA3fDB8MHxzZWFyY2h8NjJ8fGV1cm9wZSUyMGhvdGVsfGVufDB8fDB8fA%3D%3D&ixlib=rb-1.2.1&auto=format&fit=crop&w=800&q=60,98
196,https://images.unsplash.com/photo-1491955478222-69ae25414368?ixid=MnwxMjA3fDB8MHxzZWFyY2h8NjJ8fGx1eHVyeSUyMGhvdGVsfGVufDB8fDB8fA%3D%3D&ixlib=rb-1.2.1&auto=format&fit=crop&w=800&q=60,98
197,https://images.unsplash.com/photo-1635768065740-9eca046f0b85?ixid=MnwxMjA3fDB8MHxzZWFyY2h8NzJ8fGV1cm9wZSUyMGhvdGVsfGVufDB8fDB8fA%3D%3D&ixlib=rb-1.2.1&auto=format&fit=crop&w=800&q=60,99
198,https://images.unsplash.com/photo-1600702661712-007433807bc4?ixid=MnwxMjA3fDB8MHxzZWFyY2h8ODF8fGx1eHVyeSUyMGhvdGVsfGVufDB8fDB8fA%3D%3D&ixlib=rb-1.2.1&auto=format&fit=crop&w=800&q=60,99
199,https://images.unsplash.com/photo-1633873426716-7958c2ecda93?ixid=MnwxMjA3fDB8MHxzZWFyY2h8ODN8fGV1cm9wZSUyMGhvdGVsfGVufDB8fDB8fA%3D%3D&ixlib=rb-1.2.1&auto=format&fit=crop&w=800&q=60,100
200,https://images.unsplash.com/photo-1439130490301-25e322d88054?ixid=MnwxMjA3fDB8MHxzZWFyY2h8ODl8fGx1eHVyeSUyMGhvdGVsfGVufDB8fDB8fA%3D%3D&ixlib=rb-1.2.1&auto=format&fit=crop&w=800&q=60,100