id,image_url,review_id
1,https://img.dailyhotel.me/resources/room/000/023/845/579608/ddddssss_62120192.jpg,1
2,https://images.unsplash.com/photo-1488646953014-85cb44e25828?crop=entropy&cs=tinysrgb&fit=max&fm=jpg&ixid=MnwyNjY4NDl8MHwxfHNlYXJjaHwxfHx0cmF2ZWx8ZW58MHx8fHwxNjM1OTQxMjc5&ixlib=rb-1.2.1&q=80&w=400,1
3,https://images.unsplash.com/photo-1500835556837-99ac94a94552?crop=entropy&cs=tinysrgb&fit=max&fm=jpg&ixid=MnwyNjY4NDl8MHwxfHNlYXJjaHwyfHx0cmF2ZWx8ZW58MHx8fHwxNjM1OTQxMjc5&ixlib=rb-1.2.1&q=80&w=400,1
4,https://images.unsplash.com/photo-1469854523086-cc02fe5d8800?crop=entropy&cs=tinysrgb&fit=max&fm=jpg&ixid=MnwyNjY4NDl8MHwxfHNlYXJjaHwzfHx0cmF2ZWx8ZW58MHx8fHwxNjM1OTQxMjc5&ixlib=rb-1.2.1&q=80&w=400,1
5,https://images.unsplash.com/photo-1508672019048-805c876b67e2?crop=entropy&cs=tinysrgb&fit=max&fm=jpg&ixid=MnwyNjY4NDl8MHwxfHNlYXJjaHw0fHx0cmF2ZWx8ZW58MHx8fHwxNjM1OTQxMjc5&ixlib=rb-1.2.1&q=80&w=400,1
6,https://images.unsplash.com/photo-1500530855697-b586d89ba3ee?crop=entropy&cs=tinysrgb&fit=max&fm=jpg&ixid=MnwyNjY4NDl8MHwxfHNlYXJjaHw1fHx0cmF2ZWx8ZW58MHx8fHwxNjM1OTQxMjc5&ixlib=rb-1.2.1&q=80&w=400,1
7,https://images.unsplash.com/photo-1476514525535-07fb3b4ae5f1?crop=entropy&cs=tinysrgb&fit=max&fm=jpg&ixid=MnwyNjY4NDl8MHwxfHNlYXJjaHw2fHx0cmF2ZWx8ZW58MHx8fHwxNjM1OTQxMjc5&ixlib=rb-1.2.1&q=80&w=400,2
8,https://images.unsplash.com/photo-1552733407-5d5c46c3bb3b?crop=entropy&cs=tinysrgb&fit=max&fm=jpg&ixid=MnwyNjY4NDl8MHwxfHNlYXJjaHw3fHx0cmF2ZWx8ZW58MHx8fHwxNjM1OTQxMjc5&ixlib=rb-1.2.1&q=80&w=400,2
9,https://images.unsplash.com/photo-1504150558240-0b4fd8946624?crop=entropy&cs=tinysrgb&fit=max&fm=jpg&ixid=MnwyNjY4NDl8MHwxfHNlYXJjaHw4fHx0cmF2ZWx8ZW58MHx8fHwxNjM1OTQxMjc5&ixlib=rb-1.2.1&q=80&w=400,2
10,https://images.unsplash.com/photo-1488085061387-422e29b40080?crop=entropy&cs=tinysrgb&fit=max&fm=jpg&ixid=MnwyNjY4NDl8MHwxfHNlYXJjaHw5fHx0cmF2ZWx8ZW58MHx8fHwxNjM1OTQxMjc5&ixlib=rb-1.2.1&q=80&w=400,3
11,https://images.unsplash.com/photo-1503220317375-aaad61436b1b?crop=entropy&cs=tinysrgb&fit=max&fm=jpg&ixid=MnwyNjY4NDl8MHwxfHNlYXJjaHwxMHx8dHJhdmVsfGVufDB8fHx8MTYzNTk0MTI3OQ&ixlib=rb-1.2.1&q=80&w=400,3
12,https://images.unsplash.com/photo-1488646953014-85cb44e25828?crop=entropy&cs=tinysrgb&fit=max&fm=jpg&ixid=MnwyNjY4NDl8MHwxfHNlYXJjaHwxfHx0cmF2ZWx8ZW58MHx8fHwxNjM1OTQxMjc5&ixlib=rb-1.2.1&q=80&w=400,3
13,https://images.unsplash.com/photo-1500835556837-99ac94a94552?crop=entropy&cs=tinysrgb&fit=max&fm=jpg&ixid=MnwyNjY4NDl8MHwxfHNlYXJjaHwyfHx0cmF2ZWx8ZW58MHx8fHwxNjM1OTQxMjc5&ixlib=rb-1.2.1&q=80&w=400,3
14,https://images.unsplash.com/photo-1469854523086-cc02fe5d8800?crop=entropy&cs=tinysrgb&fit=max&fm=jpg&ixid=MnwyNjY4NDl8MHwxfHNlYXJjaHwzfHx0cmF2ZWx8ZW58MHx8fHwxNjM1OTQxMjc5&ixlib=rb-1.2.1&q=80&w=400,4
15,https://images.unsplash.com/photo-1508672019048-805c876b67e2?crop=entropy&cs=tinysrgb&fit=max&fm=jpg&ixid=MnwyNjY4NDl8MHwxfHNlYXJjaHw0fHx0cmF2ZWx8ZW58MHx8fHwxNjM1OTQxMjc5&ixlib=rb-1.2.1&q=80&w=400,4
16,https://images.unsplash.com/photo-1500530855697-b586d89ba3ee?crop=entropy&cs=tinysrgb&fit=max&fm=jpg&ixid=MnwyNjY4NDl8MHwxfHNlYXJjaHw1fHx0cmF2ZWx8ZW58MHx8fHwxNjM1OTQxMjc5&ixlib=rb-1.2.1&q=80&w=400,5
17,https://images.unsplash.com/photo-1476514525535-07fb3b4ae5f1?crop=entropy&cs=tinysrgb&fit=max&fm=jpg&ixid=MnwyNjY4NDl8MHwxfHNlYXJjaHw2fHx0cmF2ZWx8ZW58MHx8fHwxNjM1OTQxMjc5&ixlib=rb-1.2.1&q=80&w=400,5
18,https://images.unsplash.com/photo-1552733407-5d5c46c3bb3b?crop=entropy&cs=tinysrgb&fit=max&fm=jpg&ixid=MnwyNjY4NDl8MHwxfHNlYXJjaHw3fHx0cmF2ZWx8ZW58MHx8fHwxNjM1OTQxMjc5&ixlib=rb-1.2.1&q=80&w=400,5
19,https://images.unsplash.com/photo-1504150558240-0b4fd8946624?crop=entropy&cs=tinysrgb&fit=max&fm=jpg&ixid=MnwyNjY4NDl8MHwxfHNlYXJjaHw4fHx0cmF2ZWx8ZW58MHx8fHwxNjM1OTQxMjc5&ixlib=rb-1.2.1&q=80&w=400,6
20,https://images.unsplash.com/photo-1488085061387-422e29b40080?crop=entropy&cs=tinysrgb&fit=max&fm=jpg&ixid=MnwyNjY4NDl8MHwxfHNlYXJjaHw5fHx0cmF2ZWx8ZW58MHx8fHwxNjM1OTQxMjc5&ixlib=rb-1.2.1&q=80&w=400,6
21,https://images.unsplash.com/photo-1503220317375-aaad61436b1b?crop=entropy&cs=tinysrgb&fit=max&fm=jpg&ixid=MnwyNjY4NDl8MHwxfHNlYXJjaHwxMHx8dHJhdmVsfGVufDB8fHx8MTYzNTk0MTI3OQ&ixlib=rb-1.2.1&q=80&w=400,6
22,https://images.unsplash.com/photo-1523906834658-6e24ef2386f9?crop=entropy&cs=tinysrgb&fit=max&fm=jpg&ixid=MnwyNjY4NDl8MHwxfHNlYXJjaHwxMXx8dHJhdmVsfGVufDB8fHx8MTYzNTk0MTI4MA&ixlib=rb-1.2.1&q=80&w=400,6
23,https://images.unsplash.com/photo-1476900543704-4312b78632f8?crop=entropy&cs=tinysrgb&fit=max&fm=jpg&ixid=MnwyNjY4NDl8MHwxfHNlYXJjaHwxMnx8dHJhdmVsfGVufDB8fHx8MTYzNTk0MTI4MA&ixlib=rb-1.2.1&q=80&w=400,7
24,https://images.unsplash.com/photo-1502301197179-65228ab57f78?crop=entropy&cs=tinysrgb&fit=max&fm=jpg&ixid=MnwyNjY4NDl8MHwxfHNlYXJjaHwxM3x8dHJhdmVsfGVufDB8fHx8MTYzNTk0MTI4MA&ixlib=rb-1.2.1&q=80&w=400,7
25,https://images.unsplash.com/photo-1530521954074-e64f6810b32d?crop=entropy&cs=tinysrgb&fit=max&fm=jpg&ixid=MnwyNjY4NDl8MHwxfHNlYXJjaHwxNHx8dHJhdmVsfGVufDB8fHx8MTYzNTk0MTI4MA&ixlib=rb-1.2.1&q=80&w=400,7
26,https://images.unsplash.com/photo-1530789253388-582c481c54b0?crop=entropy&cs=tinysrgb&fit=max&fm=jpg&ixid=MnwyNjY4NDl8MHwxfHNlYXJjaHwxNXx8dHJhdmVsfGVufDB8fHx8MTYzNTk0MTI4MA&ixlib=rb-1.2.1&q=80&w=400,7
27,https://images.unsplash.com/photo-1518684079-3c830dcef090?crop=entropy&cs=tinysrgb&fit=max&fm=jpg&ixid=MnwyNjY4NDl8MHwxfHNlYXJjaHwxNnx8dHJhdmVsfGVufDB8fHx8MTYzNTk0MTI4MA&ixlib=rb-1.2.1&q=80&w=400,7
28,https://images.unsplash.com/photo-1528702748617-c64d49f918af?crop=entropy&cs=tinysrgb&fit=max&fm=jpg&ixid=MnwyNjY4NDl8MHwxfHNlYXJjaHwxN3x8dHJhdmVsfGVufDB8fHx8MTYzNTk0MTI4MA&ixlib=rb-1.2.1&q=80&w=400,8
29,https://images.unsplash.com/photo-1516483638261-f4dbaf036963?crop=entropy&cs=tinysrgb&fit=max&fm=jpg&ixid=MnwyNjY4NDl8MHwxfHNlYXJjaHwxOHx8dHJhdmVsfGVufDB8fHx8MTYzNTk0MTI4MA&ixlib=rb-1.2.1&q=80&w=400,8
30,https://images.unsplash.com/photo-1501785888041-af3ef285b470?crop=entropy&cs=tinysrgb&fit=max&fm=jpg&ixid=MnwyNjY4NDl8MHwxfHNlYXJjaHwxOXx8dHJhdmVsfGVufDB8fHx8MTYzNTk0MTI4MA&ixlib=rb-1.2.1&q=80&w=400,8
31,https://images.unsplash.com/photo-1507608616759-54f48f0af0ee?crop=entropy&cs=tinysrgb&fit=max&fm=jpg&ixid=MnwyNjY4NDl8MHwxfHNlYXJjaHwyMHx8dHJhdmVsfGVufDB8fHx8MTYzNTk0MTI4MA&ixlib=rb-1.2.1&q=80&w=400,8
32,https://images.unsplash.com/photo-1502791451862-7bd8c1df43a7?crop=entropy&cs=tinysrgb&fit=max&fm=jpg&ixid=MnwyNjY4NDl8MHwxfHNlYXJjaHwyMXx8dHJhdmVsfGVufDB8fHx8MTYzNTk0MTI4MA&ixlib=rb-1.2.1&q=80&w=400,9
33,https://images.unsplash.com/photo-1533105079780-92b9be482077?crop=entropy&cs=tinysrgb&fit=max&fm=jpg&ixid=MnwyNjY4NDl8MHwxfHNlYXJjaHwyMnx8dHJhdmVsfGVufDB8fHx8MTYzNTk0MTI4MA&ixlib=rb-1.2.1&q=80&w=400,10
34,https://images.unsplash.com/photo-1506197603052-3cc9c3a201bd?crop=entropy&cs=tinysrgb&fit=max&fm=jpg&ixid=MnwyNjY4NDl8MHwxfHNlYXJjaHwyM3x8dHJhdmVsfGVufDB8fHx8MTYzNTk0MTI4MA&ixlib=rb-1.2.1&q=80&w=400,10
35,https://images.unsplash.com/photo-1452421822248-d4c2b47f0c81?crop=entropy&cs=tinysrgb&fit=max&fm=jpg&ixid=MnwyNjY4NDl8MHwxfHNlYXJjaHwyNHx8dHJhdmVsfGVufDB8fHx8MTYzNTk0MTI4MA&ixlib=rb-1.2.1&q=80&w=400,11
36,https://images.unsplash.com/photo-1534534573898-db5148bc8b0c?crop=entropy&cs=tinysrgb&fit=max&fm=jpg&ixid=MnwyNjY4NDl8MHwxfHNlYXJjaHwyNXx8dHJhdmVsfGVufDB8fHx8MTYzNTk0MTI4MA&ixlib=rb-1.2.1&q=80&w=400,11
37,https://images.unsplash.com/photo-1505118380757-91f5f5632de0?crop=entropy&cs=tinysrgb&fit=max&fm=jpg&ixid=MnwyNjY4NDl8MHwxfHNlYXJjaHwyNnx8dHJhdmVsfGVufDB8fHx8MTYzNTk0MTI4MA&ixlib=rb-1.2.1&q=80&w=400,11
38,https://images.unsplash.com/photo-1504598318550-17eba1008a68?crop=entropy&cs=tinysrgb&fit=max&fm=jpg&ixid=MnwyNjY4NDl8MHwxfHNlYXJjaHwyN3x8dHJhdmVsfGVufDB8fHx8MTYzNTk0MTI4MA&ixlib=rb-1.2.1&q=80&w=400,12
39,https://images.unsplash.com/photo-1517760444937-f6397edcbbcd?crop=entropy&cs=tinysrgb&fit=max&fm=jpg&ixid=MnwyNjY4NDl8MHwxfHNlYXJjaHwyOHx8dHJhdmVsfGVufDB8fHx8MTYzNTk0MTI4MA&ixlib=rb-1.2.1&q=80&w=400,13
40,https://images.unsplash.com/photo-1506929562872-bb421503ef21?crop=entropy&cs=tinysrgb&fit=max&fm=jpg&ixid=MnwyNjY4NDl8MHwxfHNlYXJjaHwyOXx8dHJhdmVsfGVufDB8fHx8MTYzNTk0MTI4MA&ixlib=rb-1.2.1&q=80&w=400,13
41,https://images.unsplash.com/photo-1502920514313-52581002a659?crop=entropy&cs=tinysrgb&fit=max&fm=jpg&ixid=MnwyNjY4NDl8MHwxfHNlYXJjaHwzMHx8dHJhdmVsfGVufDB8fHx8MTYzNTk0MTI4MA&ixlib=rb-1.2.1&q=80&w=400,13
42,https://images.unsplash.com/photo-1437846972679-9e6e537be46e?crop=entropy&cs=tinysrgb&fit=max&fm=jpg&ixid=MnwyNjY4NDl8MHwxfHNlYXJjaHwzMXx8dHJhdmVsfGVufDB8fHx8MTYzNTk0MTI4MQ&ixlib=rb-1.2.1&q=80&w=400,14
43,https://images.unsplash.com/photo-1494783367193-149034c05e8f?crop=entropy&cs=tinysrgb&fit=max&fm=jpg&ixid=MnwyNjY4NDl8MHwxfHNlYXJjaHwzMnx8dHJhdmVsfGVufDB8fHx8MTYzNTk0MTI4MQ&ixlib=rb-1.2.1&q=80&w=400,14
44,https://images.unsplash.com/photo-1504609773096-104ff2c73ba4?crop=entropy&cs=tinysrgb&fit=max&fm=jpg&ixid=MnwyNjY4NDl8MHwxfHNlYXJjaHwzM3x8dHJhdmVsfGVufDB8fHx8MTYzNTk0MTI4MQ&ixlib=rb-1.2.1&q=80&w=400,14
45,https://images.unsplash.com/photo-1527631746610-bca00a040d60?crop=entropy&cs=tinysrgb&fit=max&fm=jpg&ixid=MnwyNjY4NDl8MHwxfHNlYXJjaHwzNHx8dHJhdmVsfGVufDB8fHx8MTYzNTk0MTI4MQ&ixlib=rb-1.2.1&q=80&w=400,14
46,https://images.unsplash.com/photo-1499363536502-87642509e31b?crop=entropy&cs=tinysrgb&fit=max&fm=jpg&ixid=MnwyNjY4NDl8MHwxfHNlYXJjaHwzNXx8dHJhdmVsfGVufDB8fHx8MTYzNTk0MTI4MQ&ixlib=rb-1.2.1&q=80&w=400,15
47,https://images.unsplash.com/photo-1503457574462-bd27054394c1?crop=entropy&cs=tinysrgb&fit=max&fm=jpg&ixid=MnwyNjY4NDl8MHwxfHNlYXJjaHwzNnx8dHJhdmVsfGVufDB8fHx8MTYzNTk0MTI4MQ&ixlib=rb-1.2.1&q=80&w=400,15
48,https://images.unsplash.com/photo-1436491865332-7a61a109cc05?crop=entropy&cs=tinysrgb&fit=max&fm=jpg&ixid=MnwyNjY4NDl8MHwxfHNlYXJjaHwzN3x8dHJhdmVsfGVufDB8fHx8MTYzNTk0MTI4MQ&ixlib=rb-1.2.1&q=80&w=400,16
49,https://images.unsplash.com/photo-1473625247510-8ceb1760943f?crop=entropy&cs=tinysrgb&fit=max&fm=jpg&ixid=MnwyNjY4NDl8MHwxfHNlYXJjaHwzOHx8dHJhdmVsfGVufDB8fHx8MTYzNTk0MTI4MQ&ixlib=rb-1.2.1&q=80&w=400,16
50,https://images.unsplash.com/photo-1499062918700-389fa905494e?crop=entropy&cs=tinysrgb&fit=max&fm=jpg&ixid=MnwyNjY4NDl8MHwxfHNlYXJjaHwzOXx8dHJhdmVsfGVufDB8fHx8MTYzNTk0MTI4MQ&ixlib=rb-1.2.1&q=80&w=400,16
51,https://images.unsplash.com/photo-1504542982118-59308b40fe0c?crop=entropy&cs=tinysrgb&fit=max&fm=jpg&ixid=MnwyNjY4NDl8MHwxfHNlYXJjaHw0MHx8dHJhdmVsfGVufDB8fHx8MTYzNTk0MTI4MQ&ixlib=rb-1.2.1&q=80&w=400,16
52,https://images.unsplash.com/photo-1498354178607-a79df2916198?crop=entropy&cs=tinysrgb&fit=max&fm=jpg&ixid=MnwyNjY4NDl8MHwxfHNlYXJjaHw0MXx8dHJhdmVsfGVufDB8fHx8MTYzNTk0MTI4MQ&ixlib=rb-1.2.1&q=80&w=400,17
53,https://images.unsplash.com/photo-1498307833015-e7b400441eb8?crop=entropy&cs=tinysrgb&fit=max&fm=jpg&ixid=MnwyNjY4NDl8MHwxfHNlYXJjaHw0Mnx8dHJhdmVsfGVufDB8fHx8MTYzNTk0MTI4MQ&ixlib=rb-1.2.1&q=80&w=400,17
54,https://images.unsplash.com/photo-1497262693247-aa258f96c4f5?crop=entropy&cs=tinysrgb&fit=max&fm=jpg&ixid=MnwyNjY4NDl8MHwxfHNlYXJjaHw0M3x8dHJhdmVsfGVufDB8fHx8MTYzNTk0MTI4MQ&ixlib=rb-1.2.1&q=80&w=400,17
55,https://images.unsplash.com/photo-1469474968028-56623f02e42e?crop=entropy&cs=tinysrgb&fit=max&fm=jpg&ixid=MnwyNjY4NDl8MHwxfHNlYXJjaHw0NHx8dHJhdmVsfGVufDB8fHx8MTYzNTk0MTI4MQ&ixlib=rb-1.2.1&q=80&w=400,17
56,https://images.unsplash.com/photo-1501446529957-6226bd447c46?crop=entropy&cs=tinysrgb&fit=max&fm=jpg&ixid=MnwyNjY4NDl8MHwxfHNlYXJjaHw0NXx8dHJhdmVsfGVufDB8fHx8MTYzNTk0MTI4MQ&ixlib=rb-1.2.1&q=80&w=400,17
57,https://images.unsplash.com/photo-1446160657592-4782fb76fb99?crop=entropy&cs=tinysrgb&fit=max&fm=jpg&ixid=MnwyNjY4NDl8MHwxfHNlYXJjaHw0Nnx8dHJhdmVsfGVufDB8fHx8MTYzNTk0MTI4MQ&ixlib=rb-1.2.1&q=80&w=400,18
58,https://images.unsplash.com/photo-1528543606781-2f6e6857f318?crop=entropy&cs=tinysrgb&fit=max&fm=jpg&ixid=MnwyNjY4NDl8MHwxfHNlYXJjaHw0N3x8dHJhdmVsfGVufDB8fHx8MTYzNTk0MTI4MQ&ixlib=rb-1.2.1&q=80&w=400,18
59,https://images.unsplash.com/photo-1525254134158-4fd5fdd45793?crop=entropy&cs=tinysrgb&fit=max&fm=jpg&ixid=MnwyNjY4NDl8MHwxfHNlYXJjaHw0OHx8dHJhdmVsfGVufDB8fHx8MTYzNTk0MTI4MQ&ixlib=rb-1.2.1&q=80&w=400,18
60,https://images.unsplash.com/photo-1539635278303-d4002c07eae3?crop=entropy&cs=tinysrgb&fit=max&fm=jpg&ixid=MnwyNjY4NDl8MHwxfHNlYXJjaHw0OXx8dHJhdmVsfGVufDB8fHx8MTYzNTk0MTI4MQ&ixlib=rb-1.2.1&q=80&w=400,18
61,https://images.unsplash.com/photo-1522509585149-c9cd39d1ff08?crop=entropy&cs=tinysrgb&fit=max&fm=jpg&ixid=MnwyNjY4NDl8MHwxfHNlYXJjaHw1MHx8dHJhdmVsfGVufDB8fHx8MTYzNTk0MTI4MQ&ixlib=rb-1.2.1&q=80&w=400,18
62,https://images.unsplash.com/photo-1500259783852-0ca9ce8a64dc?crop=entropy&cs=tinysrgb&fit=max&fm=jpg&ixid=MnwyNjY4NDl8MHwxfHNlYXJjaHw1MXx8dHJhdmVsfGVufDB8fHx8MTYzNTk0MTI4Mg&ixlib=rb-1.2.1&q=80&w=400,19
63,https://images.unsplash.com/photo-1568849676085-51415703900f?crop=entropy&cs=tinysrgb&fit=max&fm=jpg&ixid=MnwyNjY4NDl8MHwxfHNlYXJjaHw1Mnx8dHJhdmVsfGVufDB8fHx8MTYzNTk0MTI4Mg&ixlib=rb-1.2.1&q=80&w=400,20
64,https://images.unsplash.com/photo-1476673160081-cf065607f449?crop=entropy&cs=tinysrgb&fit=max&fm=jpg&ixid=MnwyNjY4NDl8MHwxfHNlYXJjaHw1M3x8dHJhdmVsfGVufDB8fHx8MTYzNTk0MTI4Mg&ixlib=rb-1.2.1&q=80&w=400,20
65,https://images.unsplash.com/photo-1505142468610-359e7d316be0?crop=entropy&cs=tinysrgb&fit=max&fm=jpg&ixid=MnwyNjY4NDl8MHwxfHNlYXJjaHw1NHx8dHJhdmVsfGVufDB8fHx8MTYzNTk0MTI4Mg&ixlib=rb-1.2.1&q=80&w=400,21
66,https://images.unsplash.com/photo-1541410965313-d53b3c16ef17?crop=entropy&cs=tinysrgb&fit=max&fm=jpg&ixid=MnwyNjY4NDl8MHwxfHNlYXJjaHw1NXx8dHJhdmVsfGVufDB8fHx8MTYzNTk0MTI4Mg&ixlib=rb-1.2.1&q=80&w=400,21
67,https://images.unsplash.com/photo-1513415564515-763d91423bdd?crop=entropy&cs=tinysrgb&fit=max&fm=jpg&ixid=MnwyNjY4NDl8MHwxfHNlYXJjaHw1Nnx8dHJhdmVsfGVufDB8fHx8MTYzNTk0MTI4Mg&ixlib=rb-1.2.1&q=80&w=400,21
68,https://images.unsplash.com/photo-1524850011238-e3d235c7d4c9?crop=entropy&cs=tinysrgb&fit=max&fm=jpg&ixid=MnwyNjY4NDl8MHwxfHNlYXJjaHw1N3x8dHJhdmVsfGVufDB8fHx8MTYzNTk0MTI4Mg&ixlib=rb-1.2.1&q=80&w=400,21
69,https://images.unsplash.com/photo-1502003148287-a82ef80a6abc?crop=entropy&cs=tinysrgb&fit=max&fm=jpg&ixid=MnwyNjY4NDl8MHwxfHNlYXJjaHw1OHx8dHJhdmVsfGVufDB8fHx8MTYzNTk0MTI4Mg&ixlib=rb-1.2.1&q=80&w=400,22
70,https://images.unsplash.com/photo-1454430690613-c5fbdb397f65?crop=entropy&cs=tinysrgb&fit=max&fm=jpg&ixid=MnwyNjY4NDl8MHwxfHNlYXJjaHw1OXx8dHJhdmVsfGVufDB8fHx8MTYzNTk0MTI4Mg&ixlib=rb-1.2.1&q=80&w=400,22
71,https://images.unsplash.com/photo-1460627390041-532a28402358?crop=entropy&cs=tinysrgb&fit=max&fm=jpg&ixid=MnwyNjY4NDl8MHwxfHNlYXJjaHw2MHx8dHJhdmVsfGVufDB8fHx8MTYzNTk0MTI4Mg&ixlib=rb-1.2.1&q=80&w=400,23
72,https://images.unsplash.com/photo-1489493585363-d69421e0edd3?crop=entropy&cs=tinysrgb&fit=max&fm=jpg&ixid=MnwyNjY4NDl8MHwxfHNlYXJjaHw2MXx8dHJhdmVsfGVufDB8fHx8MTYzNTk0MTI4Mg&ixlib=rb-1.2.1&q=80&w=400,23
73,https://images.unsplash.com/photo-1506125840744-167167210587?crop=entropy&cs=tinysrgb&fit=max&fm=jpg&ixid=MnwyNjY4NDl8MHwxfHNlYXJjaHw2Mnx8dHJhdmVsfGVufDB8fHx8MTYzNTk0MTI4Mg&ixlib=rb-1.2.1&q=80&w=400,23
74,https://images.unsplash.com/photo-1515622472995-1a06094d2224?crop=entropy&cs=tinysrgb&fit=max&fm=jpg&ixid=MnwyNjY4NDl8MHwxfHNlYXJjaHw2M3x8dHJhdmVsfGVufDB8fHx8MTYzNTk0MTI4Mg&ixlib=rb-1.2.1&q=80&w=400,23
75,https://images.unsplash.com/photo-1516738901171-8eb4fc13bd20?crop=entropy&cs=tinysrgb&fit=max&fm=jpg&ixid=MnwyNjY4NDl8MHwxfHNlYXJjaHw2NHx8dHJhdmVsfGVufDB8fHx8MTYzNTk0MTI4Mg&ixlib=rb-1.2.1&q=80&w=400,23
76,https://images.unsplash.com/photo-1517868163143-6eb6c78dbf54?crop=entropy&cs=tinysrgb&fit=max&fm=jpg&ixid=MnwyNjY4NDl8MHwxfHNlYXJjaHw2NXx8dHJhdmVsfGVufDB8fHx8MTYzNTk0MTI4Mg&ixlib=rb-1.2.1&q=80&w=400,24
77,https://images.unsplash.com/photo-1442570468985-f63ed5de9086?crop=entropy&cs=tinysrgb&fit=max&fm=jpg&ixid=MnwyNjY4NDl8MHwxfHNlYXJjaHw2Nnx8dHJhdmVsfGVufDB8fHx8MTYzNTk0MTI4Mg&ixlib=rb-1.2.1&q=80&w=400,25
78,https://images.unsplash.com/photo-1507525428034-b723cf961d3e?crop=entropy&cs=tinysrgb&fit=max&fm=jpg&ixid=MnwyNjY4NDl8MHwxfHNlYXJjaHw2N3x8dHJhdmVsfGVufDB8fHx8MTYzNTk0MTI4Mg&ixlib=rb-1.2.1&q=80&w=400,25
79,https://images.unsplash.com/photo-1506012787146-f92b2d7d6d96?crop=entropy&cs=tinysrgb&fit=max&fm=jpg&ixid=MnwyNjY4NDl8MHwxfHNlYXJjaHw2OHx8dHJhdmVsfGVufDB8fHx8MTYzNTk0MTI4Mg&ixlib=rb-1.2.1&q=80&w=400,25
80,https://images.unsplash.com/photo-1523345863760-5b7f3472d14f?crop=entropy&cs=tinysrgb&fit=max&fm=jpg&ixid=MnwyNjY4NDl8MHwxfHNlYXJjaHw2OXx8dHJhdmVsfGVufDB8fHx8MTYzNTk0MTI4Mg&ixlib=rb-1.2.1&q=80&w=400,26
81,https://images.unsplash.com/photo-1531642765602-5cae8bbbf285?crop=entropy&cs=tinysrgb&fit=max&fm=jpg&ixid=MnwyNjY4NDl8MHwxfHNlYXJjaHw3MHx8dHJhdmVsfGVufDB8fHx8MTYzNTk0MTI4Mg&ixlib=rb-1.2.1&q=80&w=400,26
82,https://images.unsplash.com/photo-1519160558534-579f5106e43f?crop=entropy&cs=tinysrgb&fit=max&fm=jpg&ixid=MnwyNjY4NDl8MHwxfHNlYXJjaHw3MXx8dHJhdmVsfGVufDB8fHx8MTYzNTk0MTI4Mw&ixlib=rb-1.2.1&q=80&w=400,26
83,https://images.unsplash.com/photo-1517999349371-c43520457b23?crop=entropy&cs=tinysrgb&fit=max&fm=jpg&ixid=MnwyNjY4NDl8MHwxfHNlYXJjaHw3Mnx8dHJhdmVsfGVufDB8fHx8MTYzNTk0MTI4Mw&ixlib=rb-1.2.1&q=80&w=400,27
84,https://images.unsplash.com/photo-1534777367038-9404f45b869a?crop=entropy&cs=tinysrgb&fit=max&fm=jpg&ixid=MnwyNjY4NDl8MHwxfHNlYXJjaHw3M3x8dHJhdmVsfGVufDB8fHx8MTYzNTk0MTI4Mw&ixlib=rb-1.2.1&q=80&w=400,27
85,https://images.unsplash.com/photo-1475688621402-4257c812d6db?crop=entropy&cs=tinysrgb&fit=max&fm=jpg&ixid=MnwyNjY4NDl8MHwxfHNlYXJjaHw3NHx8dHJhdmVsfGVufDB8fHx8MTYzNTk0MTI4Mw&ixlib=rb-1.2.1&q=80&w=400,27
86,https://images.unsplash.com/photo-1512757776214-26d36777b513?crop=entropy&cs=tinysrgb&fit=max&fm=jpg&ixid=MnwyNjY4NDl8MHwxfHNlYXJjaHw3NXx8dHJhdmVsfGVufDB8fHx8MTYzNTk0MTI4Mw&ixlib=rb-1.2.1&q=80&w=400,27
87,https://images.unsplash.com/photo-1578894381163-e72c17f2d45f?crop=entropy&cs=tinysrgb&fit=max&fm=jpg&ixid=MnwyNjY4NDl8MHwxfHNlYXJjaHw3Nnx8dHJhdmVsfGVufDB8fHx8MTYzNTk0MTI4Mw&ixlib=rb-1.2.1&q=80&w=400,27
88,https://images.unsplash.com/photo-1551918120-9739cb430c6d?crop=entropy&cs=tinysrgb&fit=max&fm=jpg&ixid=MnwyNjY4NDl8MHwxfHNlYXJjaHw3N3x8dHJhdmVsfGVufDB8fHx8MTYzNTk0MTI4Mw&ixlib=rb-1.2.1&q=80&w=400,27
89,https://images.unsplash.com/photo-1507608869274-d3177c8bb4c7?crop=entropy&cs=tinysrgb&fit=max&fm=jpg&ixid=MnwyNjY4NDl8MHwxfHNlYXJjaHw3OHx8dHJhdmVsfGVufDB8fHx8MTYzNTk0MTI4Mw&ixlib=rb-1.2.1&q=80&w=400,28
90,https://images.unsplash.com/photo-1574260031597-bcd9eb192b4f?crop=entropy&cs=tinysrgb&fit=max&fm=jpg&ixid=MnwyNjY4NDl8MHwxfHNlYXJjaHw3OXx8dHJhdmVsfGVufDB8fHx8MTYzNTk0MTI4Mw&ixlib=rb-1.2.1&q=80&w=400,28
91,https://images.unsplash.com/photo-1520466809213-7b9a56adcd45?crop=entropy&cs=tinysrgb&fit=max&fm=jpg&ixid=MnwyNjY4NDl8MHwxfHNlYXJjaHw4MHx8dHJhdmVsfGVufDB8fHx8MTYzNTk0MTI4Mw&ixlib=rb-1.2.1&q=80&w=400,28
92,https://images.unsplash.com/photo-1612278675615-7b093b07772d?crop=entropy&cs=tinysrgb&fit=max&fm=jpg&ixid=MnwyNjY4NDl8MHwxfHNlYXJjaHw4MXx8dHJhdmVsfGVufDB8fHx8MTYzNTk0MTI4Mw&ixlib=rb-1.2.1&q=80&w=400,28
93,https://images.unsplash.com/photo-1514282401047-d79a71a590e8?crop=entropy&cs=tinysrgb&fit=max&fm=jpg&ixid=MnwyNjY4NDl8MHwxfHNlYXJjaHw4Mnx8dHJhdmVsfGVufDB8fHx8MTYzNTk0MTI4Mw&ixlib=rb-1.2.1&q=80&w=400,29
94,https://images.unsplash.com/photo-1553697388-94e804e2f0f6?crop=entropy&cs=tinysrgb&fit=max&fm=jpg&ixid=MnwyNjY4NDl8MHwxfHNlYXJjaHw4M3x8dHJhdmVsfGVufDB8fHx8MTYzNTk0MTI4Mw&ixlib=rb-1.2.1&q=80&w=400,29
95,https://images.unsplash.com/photo-1490430657723-4d607c1503fc?crop=entropy&cs=tinysrgb&fit=max&fm=jpg&ixid=MnwyNjY4NDl8MHwxfHNlYXJjaHw4NHx8dHJhdmVsfGVufDB8fHx8MTYzNTk0MTI4Mw&ixlib=rb-1.2.1&q=80&w=400,29
96,https://images.unsplash.com/photo-1512100356356-de1b84283e18?crop=entropy&cs=tinysrgb&fit=max&fm=jpg&ixid=MnwyNjY4NDl8MHwxfHNlYXJjaHw4NXx8dHJhdmVsfGVufDB8fHx8MTYzNTk0MTI4Mw&ixlib=rb-1.2.1&q=80&w=400,29
97,https://images.unsplash.com/photo-1522010675502-c7b3888985f6?crop=entropy&cs=tinysrgb&fit=max&fm=jpg&ixid=MnwyNjY4NDl8MHwxfHNlYXJjaHw4Nnx8dHJhdmVsfGVufDB8fHx8MTYzNTk0MTI4Mw&ixlib=rb-1.2.1&q=80&w=400,30
98,https://images.unsplash.com/photo-1527605158555-853f200063e9?crop=entropy&cs=tinysrgb&fit=max&fm=jpg&ixid=MnwyNjY4NDl8MHwxfHNlYXJjaHw4N3x8dHJhdmVsfGVufDB8fHx8MTYzNTk0MTI4Mw&ixlib=rb-1.2.1&q=80&w=400,30
99,https://images.unsplash.com/photo-1517400508447-f8dd518b86db?crop=entropy&cs=tinysrgb&fit=max&fm=jpg&ixid=MnwyNjY4NDl8MHwxfHNlYXJjaHw4OHx8dHJhdmVsfGVufDB8fHx8MTYzNTk0MTI4Mw&ixlib=rb-1.2.1&q=80&w=400,30
100,https://images.unsplash.com/photo-1516546453174-5e1098a4b4af?crop=entropy&cs=tinysrgb&fit=max&fm=jpg&ixid=MnwyNjY4NDl8MHwxfHNlYXJjaHw4OXx8dHJhdmVsfGVufDB8fHx8MTYzNTk0MTI4Mw&ixlib=rb-1.2.1&q=80&w=400,31
101,https://images.unsplash.com/photo-1530745184004-2d27f018f596?crop=entropy&cs=tinysrgb&fit=max&fm=jpg&ixid=MnwyNjY4NDl8MHwxfHNlYXJjaHw5MHx8dHJhdmVsfGVufDB8fHx8MTYzNTk0MTI4Mw&ixlib=rb-1.2.1&q=80&w=400,32
102,https://images.unsplash.com/photo-1527151977613-a89904713c47?crop=entropy&cs=tinysrgb&fit=max&fm=jpg&ixid=MnwyNjY4NDl8MHwxfHNlYXJjaHw5M3x8dHJhdmVsfGVufDB8fHx8MTYzNTk0MTM4MA&ixlib=rb-1.2.1&q=80&w=400,32
103,https://images.unsplash.com/photo-1501555088652-021faa106b9b?crop=entropy&cs=tinysrgb&fit=max&fm=jpg&ixid=MnwyNjY4NDl8MHwxfHNlYXJjaHw5NHx8dHJhdmVsfGVufDB8fHx8MTYzNTk0MTM4MA&ixlib=rb-1.2.1&q=80&w=400,32
104,https://images.unsplash.com/photo-1519261814474-55092223bd87?crop=entropy&cs=tinysrgb&fit=max&fm=jpg&ixid=MnwyNjY4NDl8MHwxfHNlYXJjaHw5NXx8dHJhdmVsfGVufDB8fHx8MTYzNTk0MTM4MA&ixlib=rb-1.2.1&q=80&w=400,32
105,https://images.unsplash.com/photo-1526493685729-7cf0830875a4?crop=entropy&cs=tinysrgb&fit=max&fm=jpg&ixid=MnwyNjY4NDl8MHwxfHNlYXJjaHw5Nnx8dHJhdmVsfGVufDB8fHx8MTYzNTk0MTM4MA&ixlib=rb-1.2.1&q=80&w=400,33
106,https://images.unsplash.com/photo-1496950866446-3253e1470e8e?crop=entropy&cs=tinysrgb&fit=max&fm=jpg&ixid=MnwyNjY4NDl8MHwxfHNlYXJjaHw5N3x8dHJhdmVsfGVufDB8fHx8MTYzNTk0MTM4MA&ixlib=rb-1.2.1&q=80&w=400,33
107,https://images.unsplash.com/photo-1507608443039-bfde4fbcd142?crop=entropy&cs=tinysrgb&fit=max&fm=jpg&ixid=MnwyNjY4NDl8MHwxfHNlYXJjaHw5OHx8dHJhdmVsfGVufDB8fHx8MTYzNTk0MTM4MA&ixlib=rb-1.2.1&q=80&w=400,34
108,https://images.unsplash.com/photo-1517926967795-31943e805dae?crop=entropy&cs=tinysrgb&fit=max&fm=jpg&ixid=MnwyNjY4NDl8MHwxfHNlYXJjaHw5OXx8dHJhdmVsfGVufDB8fHx8MTYzNTk0MTM4MA&ixlib=rb-1.2.1&q=80&w=400,34
109,https://images.unsplash.com/photo-1528916138893-06acfc566dea?crop=entropy&cs=tinysrgb&fit=max&fm=jpg&ixid=MnwyNjY4NDl8MHwxfHNlYXJjaHwxMDB8fHRyYXZlbHxlbnwwfHx8fDE2MzU5NDEzODA&ixlib=rb-1.2.1&q=80&w=400,34
110,https://images.unsplash.com/photo-1520250497591-112f2f40a3f4?crop=entropy&cs=tinysrgb&fit=max&fm=jpg&ixid=MnwyNjY4NDl8MHwxfHNlYXJjaHwxMDF8fHRyYXZlbHxlbnwwfHx8fDE2MzU5NDEzODA&ixlib=rb-1.2.1&q=80&w=400,34
111,https://images.unsplash.com/photo-1538681105587-85640961bf8b?crop=entropy&cs=tinysrgb&fit=max&fm=jpg&ixid=MnwyNjY4NDl8MHwxfHNlYXJjaHwxMDJ8fHRyYXZlbHxlbnwwfHx8fDE2MzU5NDEzODA&ixlib=rb-1.2.1&q=80&w=400,34
112,https://images.unsplash.com/photo-1504626113995-a0e5d91f925d?crop=entropy&cs=tinysrgb&fit=max&fm=jpg&ixid=MnwyNjY4NDl8MHwxfHNlYXJjaHwxMDN8fHRyYXZlbHxlbnwwfHx8fDE2MzU5NDEzODA&ixlib=rb-1.2.1&q=80&w=400,34
113,https://images.unsplash.com/photo-1513326738677-b964603b136d?crop=entropy&cs=tinysrgb&fit=max&fm=jpg&ixid=MnwyNjY4NDl8MHwxfHNlYXJjaHwxMDR8fHRyYXZlbHxlbnwwfHx8fDE2MzU5NDEzODA&ixlib=rb-1.2.1&q=80&w=400,35
114,https://images.unsplash.com/photo-1553342385-111fd6bc6ab3?crop=entropy&cs=tinysrgb&fit=max&fm=jpg&ixid=MnwyNjY4NDl8MHwxfHNlYXJjaHwxMDV8fHRyYXZlbHxlbnwwfHx8fDE2MzU5NDEzODA&ixlib=rb-1.2.1&q=80&w=400,35
115,https://images.unsplash.com/photo-1433838552652-f9a46b332c40?crop=entropy&cs=tinysrgb&fit=max&fm=jpg&ixid=MnwyNjY4NDl8MHwxfHNlYXJjaHwxMDZ8fHRyYXZlbHxlbnwwfHx8fDE2MzU5NDEzODA&ixlib=rb-1.2.1&q=80&w=400,35
116,https://images.unsplash.com/photo-1498036882173-b41c28a8ba34?crop=entropy&cs=tinysrgb&fit=max&fm=jpg&ixid=MnwyNjY4NDl8MHwxfHNlYXJjaHwxMDd8fHRyYXZlbHxlbnwwfHx8fDE2MzU5NDEzODA&ixlib=rb-1.2.1&q=80&w=400,36
117,https://images.unsplash.com/photo-1518855706573-84de4022b69b?crop=entropy&cs=tinysrgb&fit=max&fm=jpg&ixid=MnwyNjY4NDl8MHwxfHNlYXJjaHwxMDh8fHRyYXZlbHxlbnwwfHx8fDE2MzU5NDEzODA&ixlib=rb-1.2.1&q=80&w=400,36
118,https://images.unsplash.com/photo-1517479149777-5f3b1511d5ad?crop=entropy&cs=tinysrgb&fit=max&fm=jpg&ixid=MnwyNjY4NDl8MHwxfHNlYXJjaHwxMDl8fHRyYXZlbHxlbnwwfHx8fDE2MzU5NDEzODA&ixlib=rb-1.2.1&q=80&w=400,37
119,https://images.unsplash.com/photo-1509895846073-1c731f9f0950?crop=entropy&cs=tinysrgb&fit=max&fm=jpg&ixid=MnwyNjY4NDl8MHwxfHNlYXJjaHwxMTB8fHRyYXZlbHxlbnwwfHx8fDE2MzU5NDEzODA&ixlib=rb-1.2.1&q=80&w=400,37
120,https://images.unsplash.com/photo-1540206351-d6465b3ac5c1?crop=entropy&cs=tinysrgb&fit=max&fm=jpg&ixid=MnwyNjY4NDl8MHwxfHNlYXJjaHwxMTF8fHRyYXZlbHxlbnwwfHx8fDE2MzU5NDEzODE&ixlib=rb-1.2.1&q=80&w=400,38
121,https://images.unsplash.com/photo-1500815845799-7748ca339f27?crop=entropy&cs=tinysrgb&fit=max&fm=jpg&ixid=MnwyNjY4NDl8MHwxfHNlYXJjaHwxMTJ8fHRyYXZlbHxlbnwwfHx8fDE2MzU5NDEzODE&ixlib=rb-1.2.1&q=80&w=400,39
122,https://images.unsplash.com/photo-1617177435644-09116c956d02?crop=entropy&cs=tinysrgb&fit=max&fm=jpg&ixid=MnwyNjY4NDl8MHwxfHNlYXJjaHwxMTN8fHRyYXZlbHxlbnwwfHx8fDE2MzU5NDEzODE&ixlib=rb-1.2.1&q=80&w=400,39
123,https://images.unsplash.com/photo-1471400974796-1c823d00a96f?crop=entropy&cs=tinysrgb&fit=max&fm=jpg&ixid=MnwyNjY4NDl8MHwxfHNlYXJjaHwxMTR8fHRyYXZlbHxlbnwwfHx8fDE2MzU5NDEzODE&ixlib=rb-1.2.1&q=80&w=400,39
124,https://images.unsplash.com/photo-1515859005217-8a1f08870f59?crop=entropy&cs=tinysrgb&fit=max&fm=jpg&ixid=MnwyNjY4NDl8MHwxfHNlYXJjaHwxMTV8fHRyYXZlbHxlbnwwfHx8fDE2MzU5NDEzODE&ixlib=rb-1.2.1&q=80&w=400,39
125,https://images.unsplash.com/photo-1501028932887-da5de53af865?crop=entropy&cs=tinysrgb&fit=max&fm=jpg&ixid=MnwyNjY4NDl8MHwxfHNlYXJjaHwxMTZ8fHRyYXZlbHxlbnwwfHx8fDE2MzU5NDEzODE&ixlib=rb-1.2.1&q=80&w=400,39
126,https://images.unsplash.com/photo-1541584043451-7e04c389e7fb?crop=entropy&cs=tinysrgb&fit=max&fm=jpg&ixid=MnwyNjY4NDl8MHwxfHNlYXJjaHwxMTd8fHRyYXZlbHxlbnwwfHx8fDE2MzU5NDEzODE&ixlib=rb-1.2.1&q=80&w=400,40
127,https://images.unsplash.com/photo-1614094082869-cd4e4b2905c7?crop=entropy&cs=tinysrgb&fit=max&fm=jpg&ixid=MnwyNjY4NDl8MHwxfHNlYXJjaHwxMTh8fHRyYXZlbHxlbnwwfHx8fDE2MzU5NDEzODE&ixlib=rb-1.2.1&q=80&w=400,40
128,https://images.unsplash.com/photo-1519315868-60d544c31ece?crop=entropy&cs=tinysrgb&fit=max&fm=jpg&ixid=MnwyNjY4NDl8MHwxfHNlYXJjaHwxMTl8fHRyYXZlbHxlbnwwfHx8fDE2MzU5NDEzODE&ixlib=rb-1.2.1&q=80&w=400,40
129,https://images.unsplash.com/photo-1477064996809-dae46985eee7?crop=entropy&cs=tinysrgb&fit=max&fm=jpg&ixid=MnwyNjY4NDl8MHwxfHNlYXJjaHwxMjB8fHRyYXZlbHxlbnwwfHx8fDE2MzU5NDEzODE&ixlib=rb-1.2.1&q=80&w=400,40
130,https://images.unsplash.com/photo-1492138195150-d71143066b68?crop=entropy&cs=tinysrgb&fit=max&fm=jpg&ixid=MnwyNjY4NDl8MHwxfHNlYXJjaHwxMjF8fHRyYXZlbHxlbnwwfHx8fDE2MzU5NDEzODE&ixlib=rb-1.2.1&q=80&w=400,41
131,https://images.unsplash.com/photo-1568323993144-20d546ba585d?crop=entropy&cs=tinysrgb&fit=max&fm=jpg&ixid=MnwyNjY4NDl8MHwxfHNlYXJjaHwxMjJ8fHRyYXZlbHxlbnwwfHx8fDE2MzU5NDEzODE&ixlib=rb-1.2.1&q=80&w=400,41
132,https://images.unsplash.com/photo-1454391304352-2bf4678b1a7a?crop=entropy&cs=tinysrgb&fit=max&fm=jpg&ixid=MnwyNjY4NDl8MHwxfHNlYXJjaHwxMjN8fHRyYXZlbHxlbnwwfHx8fDE2MzU5NDEzODE&ixlib=rb-1.2.1&q=80&w=400,41
133,https://images.unsplash.com/photo-1522199873717-bc67b1a5e32b?crop=entropy&cs=tinysrgb&fit=max&fm=jpg&ixid=MnwyNjY4NDl8MHwxfHNlYXJjaHwxMjR8fHRyYXZlbHxlbnwwfHx8fDE2MzU5NDEzODE&ixlib=rb-1.2.1&q=80&w=400,41
134,https://images.unsplash.com/photo-1549144511-f099e773c147?crop=entropy&cs=tinysrgb&fit=max&fm=jpg&ixid=MnwyNjY4NDl8MHwxfHNlYXJjaHwxMjV8fHRyYXZlbHxlbnwwfHx8fDE2MzU5NDEzODE&ixlib=rb-1.2.1&q=80&w=400,42
135,https://images.unsplash.com/photo-1510662145379-13537db782dc?crop=entropy&cs=tinysrgb&fit=max&fm=jpg&ixid=MnwyNjY4NDl8MHwxfHNlYXJjaHwxMjZ8fHRyYXZlbHxlbnwwfHx8fDE2MzU5NDEzODE&ixlib=rb-1.2.1&q=80&w=400,42
136,https://images.unsplash.com/photo-1526392060635-9d6019884377?crop=entropy&cs=tinysrgb&fit=max&fm=jpg&ixid=MnwyNjY4NDl8MHwxfHNlYXJjaHwxMjd8fHRyYXZlbHxlbnwwfHx8fDE2MzU5NDEzODE&ixlib=rb-1.2.1&q=80&w=400,42
137,https://images.unsplash.com/photo-1524842495237-6abc737eae1f?crop=entropy&cs=tinysrgb&fit=max&fm=jpg&ixid=MnwyNjY4NDl8MHwxfHNlYXJjaHwxMjh8fHRyYXZlbHxlbnwwfHx8fDE2MzU5NDEzODE&ixlib=rb-1.2.1&q=80&w=400,42
138,https://images.unsplash.com/photo-1553913861-dc2ce76b856c?crop=entropy&cs=tinysrgb&fit=max&fm=jpg&ixid=MnwyNjY4NDl8MHwxfHNlYXJjaHwxMjl8fHRyYXZlbHxlbnwwfHx8fDE2MzU5NDEzODE&ixlib=rb-1.2.1&q=80&w=400,42
139,https://images.unsplash.com/photo-1527998257557-0c18b22fa4cc?crop=entropy&cs=tinysrgb&fit=max&fm=jpg&ixid=MnwyNjY4NDl8MHwxfHNlYXJjaHwxMzB8fHRyYXZlbHxlbnwwfHx8fDE2MzU5NDEzODE&ixlib=rb-1.2.1&q=80&w=400,43
140,https://images.unsplash.com/photo-1529109328884-6818f3c0f109?crop=entropy&cs=tinysrgb&fit=max&fm=jpg&ixid=MnwyNjY4NDl8MHwxfHNlYXJjaHwxMzF8fHRyYXZlbHxlbnwwfHx8fDE2MzU5NDEzODE&ixlib=rb-1.2.1&q=80&w=400,44
141,https://images.unsplash.com/photo-1521668576204-57ae3afee860?crop=entropy&cs=tinysrgb&fit=max&fm=jpg&ixid=MnwyNjY4NDl8MHwxfHNlYXJjaHwxMzJ8fHRyYXZlbHxlbnwwfHx8fDE2MzU5NDEzODE&ixlib=rb-1.2.1&q=80&w=400,44
142,https://images.unsplash.com/photo-1504851149312-7a075b496cc7?crop=entropy&cs=tinysrgb&fit=max&fm=jpg&ixid=MnwyNjY4NDl8MHwxfHNlYXJjaHwxMzN8fHRyYXZlbHxlbnwwfHx8fDE2MzU5NDEzODE&ixlib=rb-1.2.1&q=80&w=400,44
143,https://images.unsplash.com/photo-1522092787785-60123fde65c4?crop=entropy&cs=tinysrgb&fit=max&fm=jpg&ixid=MnwyNjY4NDl8MHwxfHNlYXJjaHwxMzR8fHRyYXZlbHxlbnwwfHx8fDE2MzU5NDEzODE&ixlib=rb-1.2.1&q=80&w=400,44
144,https://images.unsplash.com/photo-1527610276295-f4c1b38decc5?crop=entropy&cs=tinysrgb&fit=max&fm=jpg&ixid=MnwyNjY4NDl8MHwxfHNlYXJjaHwxMzV8fHRyYXZlbHxlbnwwfHx8fDE2MzU5NDEzODE&ixlib=rb-1.2.1&q=80&w=400,45
145,https://images.unsplash.com/photo-1490578474895-699cd4e2cf59?crop=entropy&cs=tinysrgb&fit=max&fm=jpg&ixid=MnwyNjY4NDl8MHwxfHNlYXJjaHwxMzZ8fHRyYXZlbHxlbnwwfHx8fDE2MzU5NDEzODE&ixlib=rb-1.2.1&q=80&w=400,45
146,https://images.unsplash.com/photo-1511135570219-bbad9a02f103?crop=entropy&cs=tinysrgb&fit=max&fm=jpg&ixid=MnwyNjY4NDl8MHwxfHNlYXJjaHwxMzd8fHRyYXZlbHxlbnwwfHx8fDE2MzU5NDEzODE&ixlib=rb-1.2.1&q=80&w=400,45
147,https://images.unsplash.com/photo-1522199710521-72d69614c702?crop=entropy&cs=tinysrgb&fit=max&fm=jpg&ixid=MnwyNjY4NDl8MHwxfHNlYXJjaHwxMzh8fHRyYXZlbHxlbnwwfHx8fDE2MzU5NDEzODE&ixlib=rb-1.2.1&q=80&w=400,45
148,https://images.unsplash.com/photo-1531141445733-14c2eb7d4c1f?crop=entropy&cs=tinysrgb&fit=max&fm=jpg&ixid=MnwyNjY4NDl8MHwxfHNlYXJjaHwxMzl8fHRyYXZlbHxlbnwwfHx8fDE2MzU5NDEzODE&ixlib=rb-1.2.1&q=80&w=400,46
149,https://images.unsplash.com/photo-1444491741275-3747c53c99b4?crop=entropy&cs=tinysrgb&fit=max&fm=jpg&ixid=MnwyNjY4NDl8MHwxfHNlYXJjaHwxNDB8fHRyYXZlbHxlbnwwfHx8fDE2MzU5NDEzODE&ixlib=rb-1.2.1&q=80&w=400,46
150,https://images.unsplash.com/photo-1571406252262-61dbac780447?crop=entropy&cs=tinysrgb&fit=max&fm=jpg&ixid=MnwyNjY4NDl8MHwxfHNlYXJjaHwxNDF8fHRyYXZlbHxlbnwwfHx8fDE2MzU5NDA5NzY&ixlib=rb-1.2.1&q=80&w=400,46
151,https://images.unsplash.com/photo-1522878129833-838a904a0e9e?crop=entropy&cs=tinysrgb&fit=max&fm=jpg&ixid=MnwyNjY4NDl8MHwxfHNlYXJjaHwxNDJ8fHRyYXZlbHxlbnwwfHx8fDE2MzU5NDA5NzY&ixlib=rb-1.2.1&q=80&w=400,47
152,https://images.unsplash.com/photo-1517176642928-dfc2da661b3f?crop=entropy&cs=tinysrgb&fit=max&fm=jpg&ixid=MnwyNjY4NDl8MHwxfHNlYXJjaHwxNDN8fHRyYXZlbHxlbnwwfHx8fDE2MzU5NDA5NzY&ixlib=rb-1.2.1&q=80&w=400,47
153,https://images.unsplash.com/photo-1500964757637-c85e8a162699?crop=entropy&cs=tinysrgb&fit=max&fm=jpg&ixid=MnwyNjY4NDl8MHwxfHNlYXJjaHwxNDR8fHRyYXZlbHxlbnwwfHx8fDE2MzU5NDA5NzY&ixlib=rb-1.2.1&q=80&w=400,47
154,https://images.unsplash.com/photo-1545389336-cf090694435e?crop=entropy&cs=tinysrgb&fit=max&fm=jpg&ixid=MnwyNjY4NDl8MHwxfHNlYXJjaHwxNDV8fHRyYXZlbHxlbnwwfHx8fDE2MzU5NDA5NzY&ixlib=rb-1.2.1&q=80&w=400,47
155,https://images.unsplash.com/photo-1478860002487-680cc42afbeb?crop=entropy&cs=tinysrgb&fit=max&fm=jpg&ixid=MnwyNjY4NDl8MHwxfHNlYXJjaHwxNDZ8fHRyYXZlbHxlbnwwfHx8fDE2MzU5NDA5NzY&ixlib=rb-1.2.1&q=80&w=400,47
156,https://images.unsplash.com/photo-1501554728187-ce583db33af7?crop=entropy&cs=tinysrgb&fit=max&fm=jpg&ixid=MnwyNjY4NDl8MHwxfHNlYXJjaHwxNDd8fHRyYXZlbHxlbnwwfHx8fDE2MzU5NDA5NzY&ixlib=rb-1.2.1&q=80&w=400,47
157,https://images.unsplash.com/photo-1430462708036-7ef5363d56d8?crop=entropy&cs=tinysrgb&fit=max&fm=jpg&ixid=MnwyNjY4NDl8MHwxfHNlYXJjaHwxNDh8fHRyYXZlbHxlbnwwfHx8fDE2MzU5NDA5NzY&ixlib=rb-1.2.1&q=80&w=400,48
158,https://images.unsplash.com/photo-1573790387438-4da905039392?crop=entropy&cs=tinysrgb&fit=max&fm=jpg&ixid=MnwyNjY4NDl8MHwxfHNlYXJjaHwxNDl8fHRyYXZlbHxlbnwwfHx8fDE2MzU5NDA5NzY&ixlib=rb-1.2.1&q=80&w=400,48
159,https://images.unsplash.com/photo-1534430224470-f52e596ced9f?crop=entropy&cs=tinysrgb&fit=max&fm=jpg&ixid=MnwyNjY4NDl8MHwxfHNlYXJjaHwxNTB8fHRyYXZlbHxlbnwwfHx8fDE2MzU5NDA5NzY&ixlib=rb-1.2.1&q=80&w=400,48
160,https://images.unsplash.com/photo-1480109866847-0b432ceb666a?crop=entropy&cs=tinysrgb&fit=max&fm=jpg&ixid=MnwyNjY4NDl8MHwxfHNlYXJjaHwxNTF8fHRyYXZlbHxlbnwwfHx8fDE2MzU5NDEzODI&ixlib=rb-1.2.1&q=80&w=400,49
161,https://images.unsplash.com/photo-1532347922424-c652d9b7208e?crop=entropy&cs=tinysrgb&fit=max&fm=jpg&ixid=MnwyNjY4NDl8MHwxfHNlYXJjaHwxNTJ8fHRyYXZlbHxlbnwwfHx8fDE2MzU5NDEzODI&ixlib=rb-1.2.1&q=80&w=400,49
162,https://images.unsplash.com/photo-1504083898675-c896ecdae86e?crop=entropy&cs=tinysrgb&fit=max&fm=jpg&ixid=MnwyNjY4NDl8MHwxfHNlYXJjaHwxNTN8fHRyYXZlbHxlbnwwfHx8fDE2MzU5NDEzODI&ixlib=rb-1.2.1&q=80&w=400,49
163,https://images.unsplash.com/photo-1519666336592-e225a99dcd2f?crop=entropy&cs=tinysrgb&fit=max&fm=jpg&ixid=MnwyNjY4NDl8MHwxfHNlYXJjaHwxNTR8fHRyYXZlbHxlbnwwfHx8fDE2MzU5NDEzODI&ixlib=rb-1.2.1&q=80&w=400,49
164,https://images.unsplash.com/photo-1532449637670-ba23a300b8ff?crop=entropy&cs=tinysrgb&fit=max&fm=jpg&ixid=MnwyNjY4NDl8MHwxfHNlYXJjaHwxNTV8fHRyYXZlbHxlbnwwfHx8fDE2MzU5NDEzODI&ixlib=rb-1.2.1&q=80&w=400,49
165,https://images.unsplash.com/photo-1554357345-187a92a9eeab?crop=entropy&cs=tinysrgb&fit=max&fm=jpg&ixid=MnwyNjY4NDl8MHwxfHNlYXJjaHwxNTZ8fHRyYXZlbHxlbnwwfHx8fDE2MzU5NDEzODI&ixlib=rb-1.2.1&q=80&w=400,50
166,https://images.unsplash.com/photo-1467269204594-9661b134dd2b?crop=entropy&cs=tinysrgb&fit=max&fm=jpg&ixid=MnwyNjY4NDl8MHwxfHNlYXJjaHwxNTd8fHRyYXZlbHxlbnwwfHx8fDE2MzU5NDEzODI&ixlib=rb-1.2.1&q=80&w=400,50
167,https://images.unsplash.com/photo-1482938289607-e9573fc25ebb?crop=entropy&cs=tinysrgb&fit=max&fm=jpg&ixid=MnwyNjY4NDl8MHwxfHNlYXJjaHwxNTh8fHRyYXZlbHxlbnwwfHx8fDE2MzU5NDEzODI&ixlib=rb-1.2.1&q=80&w=400,51
168,https://images.unsplash.com/photo-1506773090264-ac0b07293a64?crop=entropy&cs=tinysrgb&fit=max&fm=jpg&ixid=MnwyNjY4NDl8MHwxfHNlYXJjaHwxNTl8fHRyYXZlbHxlbnwwfHx8fDE2MzU5NDEzODI&ixlib=rb-1.2.1&q=80&w=400,51
169,https://images.unsplash.com/photo-1511739001486-6bfe10ce785f?crop=entropy&cs=tinysrgb&fit=max&fm=jpg&ixid=MnwyNjY4NDl8MHwxfHNlYXJjaHwxNjB8fHRyYXZlbHxlbnwwfHx8fDE2MzU5NDEzODI&ixlib=rb-1.2.1&q=80&w=400,52
170,https://images.unsplash.com/photo-1470290282174-30ea78123183?crop=entropy&cs=tinysrgb&fit=max&fm=jpg&ixid=MnwyNjY4NDl8MHwxfHNlYXJjaHwxNjF8fHRyYXZlbHxlbnwwfHx8fDE2MzU5NDEzODI&ixlib=rb-1.2.1&q=80&w=400,53
171,https://images.unsplash.com/photo-1468818438311-4bab781ab9b8?crop=entropy&cs=tinysrgb&fit=max&fm=jpg&ixid=MnwyNjY4NDl8MHwxfHNlYXJjaHwxNjJ8fHRyYXZlbHxlbnwwfHx8fDE2MzU5NDEzODI&ixlib=rb-1.2.1&q=80&w=400,53
172,https://images.unsplash.com/photo-1499063078284-f78f7d89616a?crop=entropy&cs=tinysrgb&fit=max&fm=jpg&ixid=MnwyNjY4NDl8MHwxfHNlYXJjaHwxNjN8fHRyYXZlbHxlbnwwfHx8fDE2MzU5NDEzODI&ixlib=rb-1.2.1&q=80&w=400,54
173,https://images.unsplash.com/photo-1492133969098-09ba49699f47?crop=entropy&cs=tinysrgb&fit=max&fm=jpg&ixid=MnwyNjY4NDl8MHwxfHNlYXJjaHwxNjR8fHRyYXZlbHxlbnwwfHx8fDE2MzU5NDEzODI&ixlib=rb-1.2.1&q=80&w=400,55
174,https://images.unsplash.com/photo-1520437358207-323b43b50729?crop=entropy&cs=tinysrgb&fit=max&fm=jpg&ixid=MnwyNjY4NDl8MHwxfHNlYXJjaHwxNjV8fHRyYXZlbHxlbnwwfHx8fDE2MzU5NDEzODI&ixlib=rb-1.2.1&q=80&w=400,56
175,https://images.unsplash.com/photo-1516503424803-708327384b90?crop=entropy&cs=tinysrgb&fit=max&fm=jpg&ixid=MnwyNjY4NDl8MHwxfHNlYXJjaHwxNjZ8fHRyYXZlbHxlbnwwfHx8fDE2MzU5NDEzODI&ixlib=rb-1.2.1&q=80&w=400,57
176,https://images.unsplash.com/photo-1519456420145-4774378b086a?crop=entropy&cs=tinysrgb&fit=max&fm=jpg&ixid=MnwyNjY4NDl8MHwxfHNlYXJjaHwxNjd8fHRyYXZlbHxlbnwwfHx8fDE2MzU5NDEzODI&ixlib=rb-1.2.1&q=80&w=400,58
177,https://images.unsplash.com/photo-1510525009512-ad7fc13eefab?crop=entropy&cs=tinysrgb&fit=max&fm=jpg&ixid=MnwyNjY4NDl8MHwxfHNlYXJjaHwxNjh8fHRyYXZlbHxlbnwwfHx8fDE2MzU5NDEzODI&ixlib=rb-1.2.1&q=80&w=400,59
178,https://images.unsplash.com/photo-1510265236892-329bfd7de7a1?crop=entropy&cs=tinysrgb&fit=max&fm=jpg&ixid=MnwyNjY4NDl8MHwxfHNlYXJjaHwxNjl8fHRyYXZlbHxlbnwwfHx8fDE2MzU5NDEzODI&ixlib=rb-1.2.1&q=80&w=400,59
179,https://images.unsplash.com/photo-1494948141550-221698c089c2?crop=entropy&cs=tinysrgb&fit=max&fm=jpg&ixid=MnwyNjY4NDl8MHwxfHNlYXJjaHwxNzB8fHRyYXZlbHxlbnwwfHx8fDE2MzU5NDEzODI&ixlib=rb-1.2.1&q=80&w=400,59
180,https://images.unsplash.com/photo-1548580392-8d9c772d854e?crop=entropy&cs=tinysrgb&fit=max&fm=jpg&ixid=MnwyNjY4NDl8MHwxfHNlYXJjaHwxNzF8fHRyYXZlbHxlbnwwfHx8fDE2MzU5NDEzODM&ixlib=rb-1.2.1&q=80&w=400,60
181,https://images.unsplash.com/photo-1483683804023-6ccdb62f86ef?crop=entropy&cs=tinysrgb&fit=max&fm=jpg&ixid=MnwyNjY4NDl8MHwxfHNlYXJjaHwxNzJ8fHRyYXZlbHxlbnwwfHx8fDE2MzU5NDEzODM&ixlib=rb-1.2.1&q=80&w=400,60
182,https://images.unsplash.com/photo-1499856871958-5b9627545d1a?crop=entropy&cs=tinysrgb&fit=max&fm=jpg&ixid=MnwyNjY4NDl8MHwxfHNlYXJjaHwxNzN8fHRyYXZlbHxlbnwwfHx8fDE2MzU5NDEzODM&ixlib=rb-1.2.1&q=80&w=400,61
183,https://images.unsplash.com/photo-1485809052957-5113b0ff51af?crop=entropy&cs=tinysrgb&fit=max&fm=jpg&ixid=MnwyNjY4NDl8MHwxfHNlYXJjaHwxNzR8fHRyYXZlbHxlbnwwfHx8fDE2MzU5NDEzODM&ixlib=rb-1.2.1&q=80&w=400,61
184,https://images.unsplash.com/photo-1523496922380-91d5afba98a3?crop=entropy&cs=tinysrgb&fit=max&fm=jpg&ixid=MnwyNjY4NDl8MHwxfHNlYXJjaHwxNzV8fHRyYXZlbHxlbnwwfHx8fDE2MzU5NDEzODM&ixlib=rb-1.2.1&q=80&w=400,62
185,https://images.unsplash.com/photo-1495904786722-d2b5a19a8535?crop=entropy&cs=tinysrgb&fit=max&fm=jpg&ixid=MnwyNjY4NDl8MHwxfHNlYXJjaHwxNzZ8fHRyYXZlbHxlbnwwfHx8fDE2MzU5NDEzODM&ixlib=rb-1.2.1&q=80&w=400,62
186,https://images.unsplash.com/photo-1507548335453-2264668e6243?crop=entropy&cs=tinysrgb&fit=max&fm=jpg&ixid=MnwyNjY4NDl8MHwxfHNlYXJjaHwxNzd8fHRyYXZlbHxlbnwwfHx8fDE2MzU5NDEzODM&ixlib=rb-1.2.1&q=80&w=400,63
187,https://images.unsplash.com/photo-1524850301259-7729d41d11d9?crop=entropy&cs=tinysrgb&fit=max&fm=jpg&ixid=MnwyNjY4NDl8MHwxfHNlYXJjaHwxNzh8fHRyYXZlbHxlbnwwfHx8fDE2MzU5NDEzODM&ixlib=rb-1.2.1&q=80&w=400,63
188,https://images.unsplash.com/photo-1504681869696-d977211a5f4c?crop=entropy&cs=tinysrgb&fit=max&fm=jpg&ixid=MnwyNjY4NDl8MHwxfHNlYXJjaHwxNzl8fHRyYXZlbHxlbnwwfHx8fDE2MzU5NDEzODM&ixlib=rb-1.2.1&q=80&w=400,64
189,https://images.unsplash.com/photo-1514890547357-a9ee288728e0?crop=entropy&cs=tinysrgb&fit=max&fm=jpg&ixid=MnwyNjY4NDl8MHwxfHNlYXJjaHwxODB8fHRyYXZlbHxlbnwwfHx8fDE2MzU5NDEzODM&ixlib=rb-1.2.1&q=80&w=400,64
190,https://images.unsplash.com/photo-1505852679233-d9fd70aff56d?crop=entropy&cs=tinysrgb&fit=max&fm=jpg&ixid=MnwyNjY4NDl8MHwxfHNlYXJjaHwxODF8fHRyYXZlbHxlbnwwfHx8fDE2MzU5NDEzODM&ixlib=rb-1.2.1&q=80&w=400,65
191,https://images.unsplash.com/photo-1525183995014-bd94c0750cd5?crop=entropy&cs=tinysrgb&fit=max&fm=jpg&ixid=MnwyNjY4NDl8MHwxfHNlYXJjaHwxODJ8fHRyYXZlbHxlbnwwfHx8fDE2MzU5NDEzODM&ixlib=rb-1.2.1&q=80&w=400,65
192,https://images.unsplash.com/photo-1460134846237-51c777df6111?crop=entropy&cs=tinysrgb&fit=max&fm=jpg&ixid=MnwyNjY4NDl8MHwxfHNlYXJjaHwxODN8fHRyYXZlbHxlbnwwfHx8fDE2MzU5NDEzODM&ixlib=rb-1.2.1&q=80&w=400,66
193,https://images.unsplash.com/photo-1522931698295-e7b4d3e4188f?crop=entropy&cs=tinysrgb&fit=max&fm=jpg&ixid=MnwyNjY4NDl8MHwxfHNlYXJjaHwxODR8fHRyYXZlbHxlbnwwfHx8fDE2MzU5NDEzODM&ixlib=rb-1.2.1&q=80&w=400,67
194,https://images.unsplash.com/photo-1464716821973-e1031cfa43dc?crop=entropy&cs=tinysrgb&fit=max&fm=jpg&ixid=MnwyNjY4NDl8MHwxfHNlYXJjaHwxODV8fHRyYXZlbHxlbnwwfHx8fDE2MzU5NDEzODM&ixlib=rb-1.2.1&q=80&w=400,67
195,https://images.unsplash.com/photo-1523906921802-b5d2d899e93b?crop=entropy&cs=tinysrgb&fit=max&fm=jpg&ixid=MnwyNjY4NDl8MHwxfHNlYXJjaHwxODZ8fHRyYXZlbHxlbnwwfHx8fDE2MzU5NDEzODM&ixlib=rb-1.2.1&q=80&w=400,68
196,https://images.unsplash.com/photo-1568322503878-6c2762c21724?crop=entropy&cs=tinysrgb&fit=max&fm=jpg&ixid=MnwyNjY4NDl8MHwxfHNlYXJjaHwxODd8fHRyYXZlbHxlbnwwfHx8fDE2MzU5NDEzODM&ixlib=rb-1.2.1&q=80&w=400,68
197,https://images.unsplash.com/photo-1519074025331-81dcc0c0ee6a?crop=entropy&cs=tinysrgb&fit=max&fm=jpg&ixid=MnwyNjY4NDl8MHwxfHNlYXJjaHwxODh8fHRyYXZlbHxlbnwwfHx8fDE2MzU5NDEzODM&ixlib=rb-1.2.1&q=80&w=400,69
198,https://images.unsplash.com/19/nomad.JPG?crop=entropy&cs=tinysrgb&fit=max&fm=jpg&ixid=MnwyNjY4NDl8MHwxfHNlYXJjaHwxODl8fHRyYXZlbHxlbnwwfHx8fDE2MzU5NDEzODM&ixlib=rb-1.2.1&q=80&w=400,69
199,https://images.unsplash.com/photo-1535745122259-f1e187953c4c?crop=entropy&cs=tinysrgb&fit=max&fm=jpg&ixid=MnwyNjY4NDl8MHwxfHNlYXJjaHwxOTB8fHRyYXZlbHxlbnwwfHx8fDE2MzU5NDEzODM&ixlib=rb-1.2.1&q=80&w=400,69
200,https://images.unsplash.com/reserve/tdedkQnQGCgIhk9eoEkP_DSC_0983.JPG?crop=entropy&cs=tinysrgb&fit=max&fm=jpg&ixid=MnwyNjY4NDl8MHwxfHNlYXJjaHwxOTF8fHRyYXZlbHxlbnwwfHx8fDE2MzU5NDEzODM&ixlib=rb-1.2.1&q=80&w=400,70
201,https://images.unsplash.com/photo-1508495761350-6a8bf2a2128a?crop=entropy&cs=tinysrgb&fit=max&fm=jpg&ixid=MnwyNjY4NDl8MHwxfHNlYXJjaHwxOTJ8fHRyYXZlbHxlbnwwfHx8fDE2MzU5NDEzODM&ixlib=rb-1.2.1&q=80&w=400,71
202,https://images.unsplash.com/photo-1502680390469-be75c86b636f?crop=entropy&cs=tinysrgb&fit=max&fm=jpg&ixid=MnwyNjY4NDl8MHwxfHNlYXJjaHwxOTN8fHRyYXZlbHxlbnwwfHx8fDE2MzU5NDEzODM&ixlib=rb-1.2.1&q=80&w=400,72
203,https://images.unsplash.com/photo-1524726240783-939bfdd633e2?crop=entropy&cs=tinysrgb&fit=max&fm=jpg&ixid=MnwyNjY4NDl8MHwxfHNlYXJjaHwxOTR8fHRyYXZlbHxlbnwwfHx8fDE2MzU5NDEzODM&ixlib=rb-1.2.1&q=80&w=400,73
204,https://images.unsplash.com/photo-1508867743401-21ad68d105b1?crop=entropy&cs=tinysrgb&fit=max&fm=jpg&ixid=MnwyNjY4NDl8MHwxfHNlYXJjaHwxOTV8fHRyYXZlbHxlbnwwfHx8fDE2MzU5NDEzODM&ixlib=rb-1.2.1&q=80&w=400,74
205,https://images.unsplash.com/photo-1477327665424-41aeff75a2e3?crop=entropy&cs=tinysrgb&fit=max&fm=jpg&ixid=MnwyNjY4NDl8MHwxfHNlYXJjaHwxOTZ8fHRyYXZlbHxlbnwwfHx8fDE2MzU5NDEzODM&ixlib=rb-1.2.1&q=80&w=400,75
206,https://images.unsplash.com/photo-1531951286638-d1b6cdae30c9?crop=entropy&cs=tinysrgb&fit=max&fm=jpg&ixid=MnwyNjY4NDl8MHwxfHNlYXJjaHwxOTd8fHRyYXZlbHxlbnwwfHx8fDE2MzU5NDEzODM&ixlib=rb-1.2.1&q=80&w=400,76
207,https://images.unsplash.com/photo-1531345802813-520a6c892aef?crop=entropy&cs=tinysrgb&fit=max&fm=jpg&ixid=MnwyNjY4NDl8MHwxfHNlYXJjaHwxOTh8fHRyYXZlbHxlbnwwfHx8fDE2MzU5NDEzODM&ixlib=rb-1.2.1&q=80&w=400,77
208,https://images.unsplash.com/photo-1533104816931-20fa691ff6ca?crop=entropy&cs=tinysrgb&fit=max&fm=jpg&ixid=MnwyNjY4NDl8MHwxfHNlYXJjaHwxOTl8fHRyYXZlbHxlbnwwfHx8fDE2MzU5NDEzODM&ixlib=rb-1.2.1&q=80&w=400,78
209,https://images.unsplash.com/photo-1504752509934-8b4044d2135f?crop=entropy&cs=tinysrgb&fit=max&fm=jpg&ixid=MnwyNjY4NDl8MHwxfHNlYXJjaHwyMDB8fHRyYXZlbHxlbnwwfHx8fDE2MzU5NDEzODM&ixlib=rb-1.2.1&q=80&w=400,79
210,https://images.unsplash.com/photo-1578683010236-d716f9a3f461?ixid=MnwxMjA3fDB8MHxzZWFyY2h8MXx8bHV4dXJ5JTIwaG90ZWwlMjByb29tfGVufDB8fDB8fA%3D%3D&ixlib=rb-1.2.1&auto=format&fit=crop&w=800&q=60,80
211,https://images.unsplash.com/photo-1512918728675-ed5a9ecdebfd?ixid=MnwxMjA3fDB8MHxzZWFyY2h8Mnx8bHV4dXJ5JTIwaG90ZWwlMjByb29tfGVufDB8fDB8fA%3D%3D&ixlib=rb-1.2.1&auto=format&fit=crop&w=800&q=60,80
212,https://images.unsplash.com/photo-1612152605347-f93296cb657d?ixid=MnwxMjA3fDB8MHxzZWFyY2h8M3x8bHV4dXJ5JTIwaG90ZWwlMjByb29tfGVufDB8fDB8fA%3D%3D&ixlib=rb-1.2.1&auto=format&fit=crop&w=800&q=60,80
213,https://images.unsplash.com/photo-1612320743558-020669ff20e8?ixid=MnwxMjA3fDB8MHxzZWFyY2h8NHx8bHV4dXJ5JTIwaG90ZWwlMjByb29tfGVufDB8fDB8fA%3D%3D&ixlib=rb-1.2.1&auto=format&fit=crop&w=800&q=60,80
214,https://images.unsplash.com/photo-1590381105924-c72589b9ef3f?ixid=MnwxMjA3fDB8MHxzZWFyY2h8Nnx8bHV4dXJ5JTIwaG90ZWwlMjByb29tfGVufDB8fDB8fA%3D%3D&ixlib=rb-1.2.1&auto=format&fit=crop&w=800&q=60,81
215,https://images.unsplash.com/photo-1607712617949-8c993d290809?ixid=MnwxMjA3fDB8MHxzZWFyY2h8N3x8bHV4dXJ5JTIwaG90ZWwlMjByb29tfGVufDB8fDB8fA%3D%3D&ixlib=rb-1.2.1&auto=format&fit=crop&w=800&q=60,81
216,https://images.unsplash.com/photo-1559599238-308793637427?ixid=MnwxMjA3fDB8MHxwaG90by1wYWdlfHx8fGVufDB8fHx8&ixlib=rb-1.2.1&auto=format&fit=crop&w=2338&q=80,81
217,https://images.unsplash.com/photo-1592229505726-ca121723b8ef?ixlib=rb-1.2.1&ixid=MnwxMjA3fDB8MHxzZWFyY2h8MTZ8fGx1eHVyeSUyMGhvdGVsJTIwcm9vbXxlbnwwfHwwfHw%3D&auto=format&fit=crop&w=800&q=60,81
218,https://images.unsplash.com/photo-1566195992011-5f6b21e539aa?ixid=MnwxMjA3fDB8MHxzZWFyY2h8MjN8fGx1eHVyeSUyMGhvdGVsJTIwcm9vbXxlbnwwfHwwfHw%3D&ixlib=rb-1.2.1&auto=format&fit=crop&w=800&q=60,82
219,https://images.unsplash.com/photo-1592230228921-df3a88a2244e?ixid=MnwxMjA3fDB8MHxwaG90by1wYWdlfHx8fGVufDB8fHx8&ixlib=rb-1.2.1&auto=format&fit=crop&w=2664&q=80,82
220,https://images.unsplash.com/photo-1578898886615-0c4719f932dc?ixid=MnwxMjA3fDB8MHxzZWFyY2h8MzB8fGx1eHVyeSUyMGhvdGVsJTIwcm9vbXxlbnwwfHwwfHw%3D&ixlib=rb-1.2.1&auto=format&fit=crop&w=800&q=60,82
221,https://images.unsplash.com/photo-1595161695996-f746349f4945?ixid=MnwxMjA3fDB8MHxzZWFyY2h8NDR8fGx1eHVyeSUyMGhvdGVsJTIwcm9vbXxlbnwwfHwwfHw%3D&ixlib=rb-1.2.1&auto=format&fit=crop&w=800&q=60,82
222,https://images.unsplash.com/photo-1595327023008-bce2898309c0?ixid=MnwxMjA3fDB8MHxzZWFyY2h8NDZ8fGx1eHVyeSUyMGhvdGVsJTIwcm9vbXxlbnwwfHwwfHw%3D&ixlib=rb-1.2.1&auto=format&fit=crop&w=800&q=60,82
223,https://images.unsplash.com/photo-1505693416388-ac5ce068fe85?ixid=MnwxMjA3fDB8MHxzZWFyY2h8NTB8fGx1eHVyeSUyMGhvdGVsJTIwcm9vbXxlbnwwfHwwfHw%3D&ixlib=rb-1.2.1&auto=format&fit=crop&w=800&q=60,83
224,https://images.unsplash.com/photo-1540518614846-7eded433c457?ixlib=rb-1.2.1&ixid=MnwxMjA3fDB8MHxwaG90by1wYWdlfHx8fGVufDB8fHx8&auto=format&fit=crop&w=2314&q=80,83
225,https://images.unsplash.com/photo-1560067174-c5a3a8f37060?ixid=MnwxMjA3fDB8MHxwaG90by1wYWdlfHx8fGVufDB8fHx8&ixlib=rb-1.2.1&auto=format&fit=crop&w=2338&q=80,83
226,https://images.unsplash.com/photo-1444201983204-c43cbd584d93?ixid=MnwxMjA3fDB8MHxzZWFyY2h8Njd8fGx1eHVyeSUyMGhvdGVsJTIwcm9vbXxlbnwwfHwwfHw%3D&ixlib=rb-1.2.1&auto=format&fit=crop&w=800&q=60,83
227,https://images.unsplash.com/photo-1560067174-e553b3647603?ixid=MnwxMjA3fDB8MHxzZWFyY2h8NzJ8fGx1eHVyeSUyMGhvdGVsJTIwcm9vbXxlbnwwfHwwfHw%3D&ixlib=rb-1.2.1&auto=format&fit=crop&w=800&q=60,84
228,https://images.unsplash.com/photo-1512918580421-b2feee3b85a6?ixid=MnwxMjA3fDB8MHxzZWFyY2h8NzV8fGx1eHVyeSUyMGhvdGVsJTIwcm9vbXxlbnwwfHwwfHw%3D&ixlib=rb-1.2.1&auto=format&fit=crop&w=800&q=60,84
229,https://images.unsplash.com/photo-1618221118493-9cfa1a1c00da?ixid=MnwxMjA3fDB8MHxzZWFyY2h8MTIyfHxsdXh1cnklMjBob3RlbCUyMHJvb218ZW58MHx8MHx8&ixlib=rb-1.2.1&auto=format&fit=crop&w=800&q=60,84
230,https://images.unsplash.com/photo-1609949279531-cf48d64bed89?ixid=MnwxMjA3fDB8MHxzZWFyY2h8MTI2fHxsdXh1cnklMjBob3RlbCUyMHJvb218ZW58MHx8MHx8&ixlib=rb-1.2.1&auto=format&fit=crop&w=800&q=60,84
231,https://images.unsplash.com/photo-1605346576608-92f1346b67d6?ixid=MnwxMjA3fDB8MHxzZWFyY2h8MTI5fHxsdXh1cnklMjBob3RlbCUyMHJvb218ZW58MHx8MHx8&ixlib=rb-1.2.1&auto=format&fit=crop&w=800&q=60,85
232,https://images.unsplash.com/photo-1592229505678-cf99a9908e03?ixid=MnwxMjA3fDB8MHxzZWFyY2h8MTMzfHxsdXh1cnklMjBob3RlbCUyMHJvb218ZW58MHx8MHx8&ixlib=rb-1.2.1&auto=format&fit=crop&w=800&q=60,85
233,https://images.unsplash.com/photo-1587874522487-fe10e954d035?ixid=MnwxMjA3fDB8MHxzZWFyY2h8MTM2fHxsdXh1cnklMjBob3RlbCUyMHJvb218ZW58MHx8MHx8&ixlib=rb-1.2.1&auto=format&fit=crop&w=800&q=60,85
234,https://images.unsplash.com/photo-1584132905271-512c958d674a?ixlib=rb-1.2.1&ixid=MnwxMjA3fDB8MHxzZWFyY2h8MTQyfHxsdXh1cnklMjBob3RlbCUyMHJvb218ZW58MHx8MHx8&auto=format&fit=crop&w=800&q=60,85
235,https://images.unsplash.com/photo-1592229505801-77b31918d822?ixlib=rb-1.2.1&ixid=MnwxMjA3fDB8MHxzZWFyY2h8MTQxfHxsdXh1cnklMjBob3RlbCUyMHJvb218ZW58MHx8MHx8&auto=format&fit=crop&w=800&q=60,86
236,https://images.unsplash.com/flagged/photo-1556438758-8d49568ce18e?ixid=MnwxMjA3fDB8MHxzZWFyY2h8MTQ0fHxsdXh1cnklMjBob3RlbCUyMHJvb218ZW58MHx8MHx8&ixlib=rb-1.2.1&auto=format&fit=crop&w=800&q=60,86
237,https://images.unsplash.com/photo-1588861424526-28303cffbdd4?ixlib=rb-1.2.1&ixid=MnwxMjA3fDB8MHxzZWFyY2h8MTQ3fHxsdXh1cnklMjBob3RlbCUyMHJvb218ZW58MHx8MHx8&auto=format&fit=crop&w=800&q=60,86
238,https://images.unsplash.com/photo-1611971263023-105938ce12ed?ixid=MnwxMjA3fDB8MHxzZWFyY2h8MTQ5fHxsdXh1cnklMjBob3RlbCUyMHJvb218ZW58MHx8MHx8&ixlib=rb-1.2.1&auto=format&fit=crop&w=800&q=60,86
239,https://images.unsplash.com/photo-1586105251261-72a756497a11?ixid=MnwxMjA3fDB8MHxzZWFyY2h8MTUwfHxsdXh1cnklMjBob3RlbCUyMHJvb218ZW58MHx8MHx8&ixlib=rb-1.2.1&auto=format&fit=crop&w=800&q=60,87
240,https://images.unsplash.com/photo-1599202937077-3f7cdc53f2e1?ixid=MnwxMjA3fDB8MHxzZWFyY2h8MTU4fHxsdXh1cnklMjBob3RlbCUyMHJvb218ZW58MHx8MHx8&ixlib=rb-1.2.1&auto=format&fit=crop&w=800&q=60,87
241,https://images.unsplash.com/photo-1577509690643-15691207e526?ixid=MnwxMjA3fDB8MHxzZWFyY2h8MTcyfHxsdXh1cnklMjBob3RlbCUyMHJvb218ZW58MHx8MHx8&ixlib=rb-1.2.1&auto=format&fit=crop&w=800&q=60,87
242,https://images.unsplash.com/photo-1591829478068-1c98eb4c48ed?ixid=MnwxMjA3fDB8MHxzZWFyY2h8MTc3fHxsdXh1cnklMjBob3RlbCUyMHJvb218ZW58MHx8MHx8&ixlib=rb-1.2.1&auto=format&fit=crop&w=800&q=60,87
243,https://images.unsplash.com/photo-1620332372374-f108c53d2e03?ixid=MnwxMjA3fDB8MHxzZWFyY2h8MTgzfHxsdXh1cnklMjBob3RlbCUyMHJvb218ZW58MHx8MHx8&ixlib=rb-1.2.1&auto=format&fit=crop&w=800&q=60,88
244,https://images.unsplash.com/photo-1554861148-982401c111fa?ixid=MnwxMjA3fDB8MHxzZWFyY2h8MTg2fHxsdXh1cnklMjBob3RlbCUyMHJvb218ZW58MHx8MHx8&ixlib=rb-1.2.1&auto=format&fit=crop&w=800&q=60,88
245,https://images.unsplash.com/photo-1613553474179-e1eda3ea5734?ixid=MnwxMjA3fDB8MHxzZWFyY2h8MTg3fHxsdXh1cnklMjBob3RlbCUyMHJvb218ZW58MHx8MHx8&ixlib=rb-1.2.1&auto=format&fit=crop&w=800&q=60,88
246,https://images.unsplash.com/photo-1587985064135-0366536eab42?ixid=MnwxMjA3fDB8MHxzZWFyY2h8MjAxfHxsdXh1cnklMjBob3RlbCUyMHJvb218ZW58MHx8MHx8&ixlib=rb-1.2.1&auto=format&fit=crop&w=800&q=60,88
247,https://images.unsplash.com/photo-1630994347131-96d17ec41ba2?ixid=MnwxMjA3fDB8MHxzZWFyY2h8MjEyfHxsdXh1cnklMjBob3RlbCUyMHJvb218ZW58MHx8MHx8&ixlib=rb-1.2.1&auto=format&fit=crop&w=800&q=60,89
248,https://images.unsplash.com/photo-1507548335453-2264668e6243?crop=entropy&cs=tinysrgb&fit=max&fm=jpg&ixid=MnwyNjY4NDl8MHwxfHNlYXJjaHwxNzd8fHRyYXZlbHxlbnwwfHx8fDE2MzU5NDEzODM&ixlib=rb-1.2.1&q=80&w=400,89
249,https://images.unsplash.com/photo-1517400508447-f8dd518b86db?crop=entropy&cs=tinysrgb&fit=max&fm=jpg&ixid=MnwyNjY4NDl8MHwxfHNlYXJjaHw4OHx8dHJhdmVsfGVufDB8fHx8MTYzNTk0MTI4Mw&ixlib=rb-1.2.1&q=80&w=400,89
250,https://images.unsplash.com/photo-1516546453174-5e1098a4b4af?crop=entropy&cs=tinysrgb&fit=max&fm=jpg&ixid=MnwyNjY4NDl8MHwxfHNlYXJjaHw4OXx8dHJhdmVsfGVufDB8fHx8MTYzNTk0MTI4Mw&ixlib=rb-1.2.1&q=80&w=400,89
251,https://images.unsplash.com/photo-1530745184004-2d27f018f596?crop=entropy&cs=tinysrgb&fit=max&fm=jpg&ixid=MnwyNjY4NDl8MHwxfHNlYXJjaHw5MHx8dHJhdmVsfGVufDB8fHx8MTYzNTk0MTI4Mw&ixlib=rb-1.2.1&q=80&w=400,90
252,https://images.unsplash.com/photo-1527151977613-a89904713c47?crop=entropy&cs=tinysrgb&fit=max&fm=jpg&ixid=MnwyNjY4NDl8MHwxfHNlYXJjaHw5M3x8dHJhdmVsfGVufDB8fHx8MTYzNTk0MTM4MA&ixlib=rb-1.2.1&q=80&w=400,90
253,https://images.unsplash.com/photo-1501555088652-021faa106b9b?crop=entropy&cs=tinysrgb&fit=max&fm=jpg&ixid=MnwyNjY4NDl8MHwxfHNlYXJjaHw5NHx8dHJhdmVsfGVufDB8fHx8MTYzNTk0MTM4MA&ixlib=rb-1.2.1&q=80&w=400,90
254,https://images.unsplash.com/photo-1519261814474-55092223bd87?crop=entropy&cs=tinysrgb&fit=max&fm=jpg&ixid=MnwyNjY4NDl8MHwxfHNlYXJjaHw5NXx8dHJhdmVsfGVufDB8fHx8MTYzNTk0MTM4MA&ixlib=rb-1.2.1&q=80&w=400,90
255,https://images.unsplash.com/photo-1526493685729-7cf0830875a4?crop=entropy&cs=tinysrgb&fit=max&fm=jpg&ixid=MnwyNjY4NDl8MHwxfHNlYXJjaHw5Nnx8dHJhdmVsfGVufDB8fHx8MTYzNTk0MTM4MA&ixlib=rb-1.2.1&q=80&w=400,91
256,https://images.unsplash.com/photo-1496950866446-3253e1470e8e?crop=entropy&cs=tinysrgb&fit=max&fm=jpg&ixid=MnwyNjY4NDl8MHwxfHNlYXJjaHw5N3x8dHJhdmVsfGVufDB8fHx8MTYzNTk0MTM4MA&ixlib=rb-1.2.1&q=80&w=400,91
257,https://images.unsplash.com/photo-1505852679233-d9fd70aff56d?crop=entropy&cs=tinysrgb&fit=max&fm=jpg&ixid=MnwyNjY4NDl8MHwxfHNlYXJjaHwxODF8fHRyYXZlbHxlbnwwfHx8fDE2MzU5NDEzODM&ixlib=rb-1.2.1&q=80&w=400,91
258,https://images.unsplash.com/photo-1525183995014-bd94c0750cd5?crop=entropy&cs=tinysrgb&fit=max&fm=jpg&ixid=MnwyNjY4NDl8MHwxfHNlYXJjaHwxODJ8fHRyYXZlbHxlbnwwfHx8fDE2MzU5NDEzODM&ixlib=rb-1.2.1&q=80&w=400,91
259,https://images.unsplash.com/photo-1460134846237-51c777df6111?crop=entropy&cs=tinysrgb&fit=max&fm=jpg&ixid=MnwyNjY4NDl8MHwxfHNlYXJjaHwxODN8fHRyYXZlbHxlbnwwfHx8fDE2MzU5NDEzODM&ixlib=rb-1.2.1&q=80&w=400,92
260,https://images.unsplash.com/photo-1522931698295-e7b4d3e4188f?crop=entropy&cs=tinysrgb&fit=max&fm=jpg&ixid=MnwyNjY4NDl8MHwxfHNlYXJjaHwxODR8fHRyYXZlbHxlbnwwfHx8fDE2MzU5NDEzODM&ixlib=rb-1.2.1&q=80&w=400,92
261,https://images.unsplash.com/photo-1467269204594-9661b134dd2b?crop=entropy&cs=tinysrgb&fit=max&fm=jpg&ixid=MnwyNjY4NDl8MHwxfHNlYXJjaHwxNTd8fHRyYXZlbHxlbnwwfHx8fDE2MzU5NDEzODI&ixlib=rb-1.2.1&q=80&w=400,92
262,https://images.unsplash.com/photo-1482938289607-e9573fc25ebb?crop=entropy&cs=tinysrgb&fit=max&fm=jpg&ixid=MnwyNjY4NDl8MHwxfHNlYXJjaHwxNTh8fHRyYXZlbHxlbnwwfHx8fDE2MzU5NDEzODI&ixlib=rb-1.2.1&q=80&w=400,92
263,https://images.unsplash.com/photo-1506773090264-ac0b07293a64?crop=entropy&cs=tinysrgb&fit=max&fm=jpg&ixid=MnwyNjY4NDl8MHwxfHNlYXJjaHwxNTl8fHRyYXZlbHxlbnwwfHx8fDE2MzU5NDEzODI&ixlib=rb-1.2.1&q=80&w=400,93
264,https://images.unsplash.com/photo-1511739001486-6bfe10ce785f?crop=entropy&cs=tinysrgb&fit=max&fm=jpg&ixid=MnwyNjY4NDl8MHwxfHNlYXJjaHwxNjB8fHRyYXZlbHxlbnwwfHx8fDE2MzU5NDEzODI&ixlib=rb-1.2.1&q=80&w=400,93
265,https://images.unsplash.com/photo-1470290282174-30ea78123183?crop=entropy&cs=tinysrgb&fit=max&fm=jpg&ixid=MnwyNjY4NDl8MHwxfHNlYXJjaHwxNjF8fHRyYXZlbHxlbnwwfHx8fDE2MzU5NDEzODI&ixlib=rb-1.2.1&q=80&w=400,93
266,https://images.unsplash.com/photo-1506773090264-ac0b07293a64?crop=entropy&cs=tinysrgb&fit=max&fm=jpg&ixid=MnwyNjY4NDl8MHwxfHNlYXJjaHwxNTl8fHRyYXZlbHxlbnwwfHx8fDE2MzU5NDEzODI&ixlib=rb-1.2.1&q=80&w=400,93
267,https://images.unsplash.com/photo-1511739001486-6bfe10ce785f?crop=entropy&cs=tinysrgb&fit=max&fm=jpg&ixid=MnwyNjY4NDl8MHwxfHNlYXJjaHwxNjB8fHRyYXZlbHxlbnwwfHx8fDE2MzU5NDEzODI&ixlib=rb-1.2.1&q=80&w=400,94
268,https://images.unsplash.com/photo-1470290282174-30ea78123183?crop=entropy&cs=tinysrgb&fit=max&fm=jpg&ixid=MnwyNjY4NDl8MHwxfHNlYXJjaHwxNjF8fHRyYXZlbHxlbnwwfHx8fDE2MzU5NDEzODI&ixlib=rb-1.2.1&q=80&w=400,94
269,https://images.unsplash.com/photo-1468818438311-4bab781ab9b8?crop=entropy&cs=tinysrgb&fit=max&fm=jpg&ixid=MnwyNjY4NDl8MHwxfHNlYXJjaHwxNjJ8fHRyYXZlbHxlbnwwfHx8fDE2MzU5NDEzODI&ixlib=rb-1.2.1&q=80&w=400,94
270,https://images.unsplash.com/photo-1499063078284-f78f7d89616a?crop=entropy&cs=tinysrgb&fit=max&fm=jpg&ixid=MnwyNjY4NDl8MHwxfHNlYXJjaHwxNjN8fHRyYXZlbHxlbnwwfHx8fDE2MzU5NDEzODI&ixlib=rb-1.2.1&q=80&w=400,94
271,https://images.unsplash.com/photo-1492133969098-09ba49699f47?crop=entropy&cs=tinysrgb&fit=max&fm=jpg&ixid=MnwyNjY4NDl8MHwxfHNlYXJjaHwxNjR8fHRyYXZlbHxlbnwwfHx8fDE2MzU5NDEzODI&ixlib=rb-1.2.1&q=80&w=400,95
272,https://images.unsplash.com/photo-1502003148287-a82ef80a6abc?crop=entropy&cs=tinysrgb&fit=max&fm=jpg&ixid=MnwyNjY4NDl8MHwxfHNlYXJjaHw1OHx8dHJhdmVsfGVufDB8fHx8MTYzNTk0MTI4Mg&ixlib=rb-1.2.1&q=80&w=400,95
273,https://images.unsplash.com/photo-1454430690613-c5fbdb397f65?crop=entropy&cs=tinysrgb&fit=max&fm=jpg&ixid=MnwyNjY4NDl8MHwxfHNlYXJjaHw1OXx8dHJhdmVsfGVufDB8fHx8MTYzNTk0MTI4Mg&ixlib=rb-1.2.1&q=80&w=400,95
274,https://images.unsplash.com/photo-1460627390041-532a28402358?crop=entropy&cs=tinysrgb&fit=max&fm=jpg&ixid=MnwyNjY4NDl8MHwxfHNlYXJjaHw2MHx8dHJhdmVsfGVufDB8fHx8MTYzNTk0MTI4Mg&ixlib=rb-1.2.1&q=80&w=400,95
275,https://images.unsplash.com/photo-1489493585363-d69421e0edd3?crop=entropy&cs=tinysrgb&fit=max&fm=jpg&ixid=MnwyNjY4NDl8MHwxfHNlYXJjaHw2MXx8dHJhdmVsfGVufDB8fHx8MTYzNTk0MTI4Mg&ixlib=rb-1.2.1&q=80&w=400,96
276,https://images.unsplash.com/photo-1506125840744-167167210587?crop=entropy&cs=tinysrgb&fit=max&fm=jpg&ixid=MnwyNjY4NDl8MHwxfHNlYXJjaHw2Mnx8dHJhdmVsfGVufDB8fHx8MTYzNTk0MTI4Mg&ixlib=rb-1.2.1&q=80&w=400,96
277,https://images.unsplash.com/photo-1515622472995-1a06094d2224?crop=entropy&cs=tinysrgb&fit=max&fm=jpg&ixid=MnwyNjY4NDl8MHwxfHNlYXJjaHw2M3x8dHJhdmVsfGVufDB8fHx8MTYzNTk0MTI4Mg&ixlib=rb-1.2.1&q=80&w=400,96
278,https://images.unsplash.com/photo-1516738901171-8eb4fc13bd20?crop=entropy&cs=tinysrgb&fit=max&fm=jpg&ixid=MnwyNjY4NDl8MHwxfHNlYXJjaHw2NHx8dHJhdmVsfGVufDB8fHx8MTYzNTk0MTI4Mg&ixlib=rb-1.2.1&q=80&w=400,96
279,https://images.unsplash.com/photo-1517868163143-6eb6c78dbf54?crop=entropy&cs=tinysrgb&fit=max&fm=jpg&ixid=MnwyNjY4NDl8MHwxfHNlYXJjaHw2NXx8dHJhdmVsfGVufDB8fHx8MTYzNTk0MTI4Mg&ixlib=rb-1.2.1&q=80&w=400,97
280,https://images.unsplash.com/photo-1442570468985-f63ed5de9086?crop=entropy&cs=tinysrgb&fit=max&fm=jpg&ixid=MnwyNjY4NDl8MHwxfHNlYXJjaHw2Nnx8dHJhdmVsfGVufDB8fHx8MTYzNTk0MTI4Mg&ixlib=rb-1.2.1&q=80&w=400,97
281,https://images.unsplash.com/photo-1519261814474-55092223bd87?crop=entropy&cs=tinysrgb&fit=max&fm=jpg&ixid=MnwyNjY4NDl8MHwxfHNlYXJjaHw5NXx8dHJhdmVsfGVufDB8fHx8MTYzNTk0MTM4MA&ixlib=rb-1.2.1&q=80&w=400,97
282,https://images.unsplash.com/photo-1526493685729-7cf0830875a4?crop=entropy&cs=tinysrgb&fit=max&fm=jpg&ixid=MnwyNjY4NDl8MHwxfHNlYXJjaHw5Nnx8dHJhdmVsfGVufDB8fHx8MTYzNTk0MTM4MA&ixlib=rb-1.2.1&q=80&w=400,97
283,https://images.unsplash.com/photo-1496950866446-3253e1470e8e?crop=entropy&cs=tinysrgb&fit=max&fm=jpg&ixid=MnwyNjY4NDl8MHwxfHNlYXJjaHw5N3x8dHJhdmVsfGVufDB8fHx8MTYzNTk0MTM4MA&ixlib=rb-1.2.1&q=80&w=400,98
284,https://images.unsplash.com/photo-1507608443039-bfde4fbcd142?crop=entropy&cs=tinysrgb&fit=max&fm=jpg&ixid=MnwyNjY4NDl8MHwxfHNlYXJjaHw5OHx8dHJhdmVsfGVufDB8fHx8MTYzNTk0MTM4MA&ixlib=rb-1.2.1&q=80&w=400,98
285,https://images.unsplash.com/photo-1517926967795-31943e805dae?crop=entropy&cs=tinysrgb&fit=max&fm=jpg&ixid=MnwyNjY4NDl8MHwxfHNlYXJjaHw5OXx8dHJhdmVsfGVufDB8fHx8MTYzNTk0MTM4MA&ixlib=rb-1.2.1&q=80&w=400,98
286,https://images.unsplash.com/photo-1528916138893-06acfc566dea?crop=entropy&cs=tinysrgb&fit=max&fm=jpg&ixid=MnwyNjY4NDl8MHwxfHNlYXJjaHwxMDB8fHRyYXZlbHxlbnwwfHx8fDE2MzU5NDEzODA&ixlib=rb-1.2.1&q=80&w=400,98
287,https://images.unsplash.com/photo-1553342385-111fd6bc6ab3?crop=entropy&cs=tinysrgb&fit=max&fm=jpg&ixid=MnwyNjY4NDl8MHwxfHNlYXJjaHwxMDV8fHRyYXZlbHxlbnwwfHx8fDE2MzU5NDEzODA&ixlib=rb-1.2.1&q=80&w=400,99
288,https://images.unsplash.com/photo-1433838552652-f9a46b332c40?crop=entropy&cs=tinysrgb&fit=max&fm=jpg&ixid=MnwyNjY4NDl8MHwxfHNlYXJjaHwxMDZ8fHRyYXZlbHxlbnwwfHx8fDE2MzU5NDEzODA&ixlib=rb-1.2.1&q=80&w=400,99
289,https://images.unsplash.com/photo-1498036882173-b41c28a8ba34?crop=entropy&cs=tinysrgb&fit=max&fm=jpg&ixid=MnwyNjY4NDl8MHwxfHNlYXJjaHwxMDd8fHRyYXZlbHxlbnwwfHx8fDE2MzU5NDEzODA&ixlib=rb-1.2.1&q=80&w=400,99
290,https://images.unsplash.com/photo-1518855706573-84de4022b69b?crop=entropy&cs=tinysrgb&fit=max&fm=jpg&ixid=MnwyNjY4NDl8MHwxfHNlYXJjaHwxMDh8fHRyYXZlbHxlbnwwfHx8fDE2MzU5NDEzODA&ixlib=rb-1.2.1&q=80&w=400,99
291,https://images.unsplash.com/photo-1517479149777-5f3b1511d5ad?crop=entropy&cs=tinysrgb&fit=max&fm=jpg&ixid=MnwyNjY4NDl8MHwxfHNlYXJjaHwxMDl8fHRyYXZlbHxlbnwwfHx8fDE2MzU5NDEzODA&ixlib=rb-1.2.1&q=80&w=400,100
292,https://images.unsplash.com/photo-1509895846073-1c731f9f0950?crop=entropy&cs=tinysrgb&fit=max&fm=jpg&ixid=MnwyNjY4NDl8MHwxfHNlYXJjaHwxMTB8fHRyYXZlbHxlbnwwfHx8fDE2MzU5NDEzODA&ixlib=rb-1.2.1&q=80&w=400,100
293,https://images.unsplash.com/photo-1540206351-d6465b3ac5c1?crop=entropy&cs=tinysrgb&fit=max&fm=jpg&ixid=MnwyNjY4NDl8MHwxfHNlYXJjaHwxMTF8fHRyYXZlbHxlbnwwfHx8fDE2MzU5NDEzODE&ixlib=rb-1.2.1&q=80&w=400,100
294,https://images.unsplash.com/photo-1507608616759-54f48f0af0ee?crop=entropy&cs=tinysrgb&fit=max&fm=jpg&ixid=MnwyNjY4NDl8MHwxfHNlYXJjaHwyMHx8dHJhdmVsfGVufDB8fHx8MTYzNTk0MTI4MA&ixlib=rb-1.2.1&q=80&w=400,100